3.000000000000000000e+00	nan
4.000000000000000000e+00	nan
5.000000000000000000e+00	1.324609986350439499e+02
8.000000000000000000e+00	-1.001945940847257589e+03
1.100000000000000000e+01	4.840370800574954302e+01
1.400000000000000000e+01	1.554345320099082812e+02
1.600000000000000000e+01	-2.780153055147136456e+02
1.900000000000000000e+01	5.523287549327071844e+01
2.000000000000000000e+01	-1.331670122953700456e+03
2.100000000000000000e+01	-2.168768146489803679e+06
2.300000000000000000e+01	-2.859994162936759494e+02
2.600000000000000000e+01	nan
2.700000000000000000e+01	-1.322210144624115458e+02
3.300000000000000000e+01	-9.087248656715873949e+03
3.500000000000000000e+01	1.672596166536472083e+03
4.000000000000000000e+01	-2.753766041392327111e+02
4.500000000000000000e+01	8.865143847875297070e+02
4.700000000000000000e+01	5.240616486569356173e+06
5.000000000000000000e+01	-2.292498470709623177e+02
5.400000000000000000e+01	-4.811098312272136468e+01
5.700000000000000000e+01	-1.317777915807159843e+02
5.800000000000000000e+01	3.793185719910122344e+01
5.900000000000000000e+01	2.186795299616634125e+01
6.300000000000000000e+01	-9.903668865726933745e+01
6.500000000000000000e+01	-2.358995483697556494e+02
7.000000000000000000e+01	2.138967285387230959e+02
7.100000000000000000e+01	-1.980471949364143613e+00
7.500000000000000000e+01	4.798589189174462888e+01
7.900000000000000000e+01	-1.420810266934244623e+02
8.000000000000000000e+01	-1.329427966725019949e+01
8.600000000000000000e+01	4.590965375887800803e+01
8.900000000000000000e+01	7.140400227343328687e+00
9.000000000000000000e+01	9.502802821897365959e+01
9.200000000000000000e+01	-1.581381326182888074e+02
9.900000000000000000e+01	-2.502408808716038184e+05
1.000000000000000000e+02	nan
1.010000000000000000e+02	2.066963789023810989e+02
1.060000000000000000e+02	1.911007907961820251e+02
1.100000000000000000e+02	-3.883015937188066800e+03
1.130000000000000000e+02	-1.594925041494586537e+02
1.140000000000000000e+02	2.595311945303390644e+02
1.220000000000000000e+02	-1.005591512678049412e+03
1.250000000000000000e+02	5.690312985568164095e+01
1.270000000000000000e+02	-1.146999679980024666e+03
1.290000000000000000e+02	2.073413574650466842e+02
1.320000000000000000e+02	-9.220701480192126098e+01
1.330000000000000000e+02	-6.221515601643170967e+00
1.340000000000000000e+02	1.060969035930653490e+02
1.370000000000000000e+02	-8.932003655545344145e+01
1.410000000000000000e+02	1.503328365394349397e+01
1.420000000000000000e+02	-6.154477367288266123e+02
1.430000000000000000e+02	5.106378141562602764e+02
1.440000000000000000e+02	7.154418500659301294e+00
1.460000000000000000e+02	8.001285368341444837e+01
1.470000000000000000e+02	2.488754695396502541e+02
1.480000000000000000e+02	1.031448722269508806e+02
1.560000000000000000e+02	nan
1.580000000000000000e+02	3.721358960924841085e+03
1.600000000000000000e+02	-4.049435824463908062e+01
1.610000000000000000e+02	1.174136222507453766e+02
1.680000000000000000e+02	-2.880658984762495223e+01
1.700000000000000000e+02	4.065585632814605788e+02
1.900000000000000000e+02	nan
1.930000000000000000e+02	-2.166518029776719914e+02
1.980000000000000000e+02	-8.289283027972410878e+01
1.990000000000000000e+02	9.633973900351253405e+02
2.010000000000000000e+02	-6.084132039850931051e+02
2.030000000000000000e+02	-1.876680074448126732e+02
2.040000000000000000e+02	-2.710286024839043151e+01
2.110000000000000000e+02	-5.648229017366284666e+01
2.120000000000000000e+02	-7.948008286300949976e+02
2.170000000000000000e+02	-6.618827947888718199e+01
2.180000000000000000e+02	-1.741455232849875188e+02
2.210000000000000000e+02	2.758652658572088399e+02
2.270000000000000000e+02	-4.994812139887333728e+02
2.300000000000000000e+02	-2.471268523913904005e+02
2.330000000000000000e+02	-7.162353100794170757e+01
2.350000000000000000e+02	4.560407533330323560e+01
2.370000000000000000e+02	5.720501339258267848e+01
2.380000000000000000e+02	1.738412835657043445e+02
2.430000000000000000e+02	-9.280117708989104131e+02
2.440000000000000000e+02	nan
2.460000000000000000e+02	-3.444188020648868331e+01
2.470000000000000000e+02	3.660263742607009888e+10
2.480000000000000000e+02	-1.240999130340689362e+03
2.550000000000000000e+02	-6.559876538920191524e+04
2.570000000000000000e+02	2.423872751157447851e+02
2.590000000000000000e+02	-4.313062770612353347e+01
2.600000000000000000e+02	-5.590867750888812225e+03
2.630000000000000000e+02	-1.800961507567576447e+01
2.690000000000000000e+02	1.207401926894912663e+02
2.720000000000000000e+02	-3.003913426394796105e+01
2.740000000000000000e+02	-5.135626590399795788e+01
2.750000000000000000e+02	-6.846760527038709654e+01
2.770000000000000000e+02	4.889512301351998502e+01
2.790000000000000000e+02	-2.541972097168512903e+02
2.810000000000000000e+02	-3.548332897751891437e+02
2.830000000000000000e+02	-1.455242059527391518e+02
2.900000000000000000e+02	1.399369844845056434e+02
2.920000000000000000e+02	-8.115952157267173561e+01
2.940000000000000000e+02	-7.606725073287580926e+03
2.950000000000000000e+02	1.423827564111424806e+02
2.980000000000000000e+02	2.171050031635018058e+02
3.000000000000000000e+02	-8.893269059371295526e+00
3.060000000000000000e+02	-3.946366105047885640e+02
3.070000000000000000e+02	-1.896206768887356588e+02
3.080000000000000000e+02	-2.828093728362428010e+03
3.090000000000000000e+02	-1.686501972593651999e+02
3.120000000000000000e+02	1.836872449624793262e+02
3.240000000000000000e+02	-4.408940821805643282e+03
3.320000000000000000e+02	5.822381599099539073e+01
3.340000000000000000e+02	3.129637794856047250e+01
3.460000000000000000e+02	2.030300952020074305e+02
3.490000000000000000e+02	2.628524944986788796e+02
3.560000000000000000e+02	4.010073563446036928e+02
3.590000000000000000e+02	-3.421028199173374418e+01
3.610000000000000000e+02	nan
3.630000000000000000e+02	4.757848924323431561e+01
3.650000000000000000e+02	-1.191296092742997530e+02
3.660000000000000000e+02	nan
3.690000000000000000e+02	-2.074367435807478728e+02
3.710000000000000000e+02	6.854960623541494158e+01
3.730000000000000000e+02	1.251556987921390629e+02
3.750000000000000000e+02	nan
3.760000000000000000e+02	1.795520936101924292e+02
3.780000000000000000e+02	-1.146814781458644603e+02
3.810000000000000000e+02	-5.271690818035797292e+02
3.840000000000000000e+02	3.599611715494637565e+01
3.930000000000000000e+02	4.926514082832873953e+01
3.980000000000000000e+02	4.915666814945377350e+09
3.990000000000000000e+02	-1.138022876904071609e+03
4.000000000000000000e+02	-2.697986320796664472e+01
4.010000000000000000e+02	-2.029118730023245405e+02
4.020000000000000000e+02	1.086688599360787748e+02
4.050000000000000000e+02	-4.275805000815049084e+02
4.060000000000000000e+02	4.992571880114460896e+02
4.120000000000000000e+02	-4.447014662860400591e+01
4.130000000000000000e+02	7.063390567566243305e+01
4.140000000000000000e+02	6.847099148777988376e+02
4.170000000000000000e+02	-2.823692167926343473e+02
4.190000000000000000e+02	-5.319779561827194811e+02
4.210000000000000000e+02	-6.433385350939417435e+01
4.260000000000000000e+02	-1.747277937050033074e+02
4.270000000000000000e+02	-3.180601045050311768e+02
4.290000000000000000e+02	6.444223088866665421e+02
4.350000000000000000e+02	-1.134280241278159451e+02
4.380000000000000000e+02	1.491213067932898717e+01
4.430000000000000000e+02	-2.490238100368891239e+01
4.440000000000000000e+02	nan
4.450000000000000000e+02	-2.423756324796401529e+01
4.500000000000000000e+02	9.382523928572959804e+00
4.510000000000000000e+02	-6.446258020627420819e+02
4.540000000000000000e+02	-8.500023876207878004e+01
4.550000000000000000e+02	-3.658444691828896680e+02
4.580000000000000000e+02	-1.945687414909230029e+02
4.610000000000000000e+02	-7.065870467795194543e+01
4.650000000000000000e+02	-5.421146137454777545e+02
4.680000000000000000e+02	4.278217433795727942e+01
4.690000000000000000e+02	1.020615663323575433e+02
4.710000000000000000e+02	7.366683198883447403e+01
4.780000000000000000e+02	-2.070790721292403589e+02
4.850000000000000000e+02	-5.887322777085553298e+02
4.860000000000000000e+02	9.714568231770226703e+01
4.870000000000000000e+02	-3.897396973149134425e+01
4.880000000000000000e+02	-8.792466488850404005e+01
4.920000000000000000e+02	-1.054279526690846325e+02
4.940000000000000000e+02	-1.015185986050512042e+03
4.980000000000000000e+02	-1.911873621834941872e+01
5.000000000000000000e+02	-7.947837522808406163e+01
5.020000000000000000e+02	-6.871468867313666351e+02
5.070000000000000000e+02	-3.171905671644546601e+04
5.120000000000000000e+02	-4.956743532094301230e+01
5.170000000000000000e+02	nan
5.180000000000000000e+02	-9.298057284477957296e+01
5.270000000000000000e+02	nan
5.320000000000000000e+02	6.898236806117159858e+02
5.330000000000000000e+02	-1.332761469709758728e+02
5.370000000000000000e+02	2.056012987382941049e+01
5.420000000000000000e+02	-7.217636936175686913e+01
5.440000000000000000e+02	-1.188850814931274158e+01
5.450000000000000000e+02	-5.313875573016294140e+01
5.460000000000000000e+02	3.690984502832397141e+01
5.480000000000000000e+02	-3.337407328124618857e+02
5.500000000000000000e+02	7.232378240542885806e+01
5.520000000000000000e+02	2.708544870590174725e+01
5.530000000000000000e+02	nan
5.540000000000000000e+02	4.420156043785779616e+02
5.640000000000000000e+02	-2.635970170588063155e+01
5.660000000000000000e+02	4.780361359676192023e+01
5.680000000000000000e+02	-1.021406350747611924e+02
5.690000000000000000e+02	2.013100358471048779e+01
5.710000000000000000e+02	2.454964112157818363e+03
5.750000000000000000e+02	-1.324847925303442082e+02
5.760000000000000000e+02	-1.541957255651509797e+02
5.770000000000000000e+02	2.098967797278337173e+02
5.780000000000000000e+02	nan
5.790000000000000000e+02	-6.620135058520447480e+00
5.820000000000000000e+02	1.474421010268409589e+02
5.840000000000000000e+02	3.256538583156553557e+01
5.860000000000000000e+02	2.327359512621383715e+02
5.890000000000000000e+02	-7.628262475977682300e+01
5.950000000000000000e+02	-4.126508985066665502e+01
5.990000000000000000e+02	-9.280542092286871048e+04
6.000000000000000000e+02	-4.884274358858314713e+02
6.030000000000000000e+02	nan
6.050000000000000000e+02	-1.545733409017304893e+02
6.090000000000000000e+02	1.300389775761322255e+02
6.100000000000000000e+02	8.413664215233994526e+01
6.110000000000000000e+02	nan
6.130000000000000000e+02	-1.011931256883505768e+02
6.150000000000000000e+02	-3.745416139943532698e+02
6.160000000000000000e+02	2.182890601364871088e+02
6.180000000000000000e+02	-3.554381365993168629e+02
6.290000000000000000e+02	-4.969896845920340525e+02
6.300000000000000000e+02	-8.078324233003733923e+00
6.310000000000000000e+02	-1.999258225617606683e+02
6.320000000000000000e+02	-2.377064311336738101e+01
6.330000000000000000e+02	1.394989364686318538e+02
6.340000000000000000e+02	-1.822621393870019347e+03
6.390000000000000000e+02	-2.057843082261357210e+02
6.400000000000000000e+02	-7.391096764412610298e+01
6.410000000000000000e+02	-4.080627124819680063e+01
6.440000000000000000e+02	9.542012733123652879e+02
6.460000000000000000e+02	-1.551879072573512985e+02
6.480000000000000000e+02	7.426530953169164784e-01
6.550000000000000000e+02	4.349574316125436013e+01
6.570000000000000000e+02	-6.379605339552959009e+01
6.600000000000000000e+02	-1.388110218493960986e+02
6.610000000000000000e+02	-2.350790384909210479e+04
6.620000000000000000e+02	2.919733834847100979e+02
6.640000000000000000e+02	-1.165848833399552973e+02
6.650000000000000000e+02	8.285828744311554601e+02
6.660000000000000000e+02	nan
6.780000000000000000e+02	-2.758905204482459084e+01
6.790000000000000000e+02	-4.932792302050505100e+02
6.810000000000000000e+02	-1.340736819002692357e+02
6.870000000000000000e+02	-1.860947749775883437e+02
6.920000000000000000e+02	6.350217148961781533e+01
6.980000000000000000e+02	-4.913470288352865367e+01
7.000000000000000000e+02	3.132984526932601455e+01
7.040000000000000000e+02	-3.899407014461468890e+01
7.060000000000000000e+02	5.231588318100730248e+02
7.070000000000000000e+02	-8.776101387223434358e+01
7.080000000000000000e+02	5.743011674757366336e+02
7.100000000000000000e+02	-4.257623414215695448e+02
7.110000000000000000e+02	2.093694637499286273e+03
7.120000000000000000e+02	-8.301834006155041834e+01
7.150000000000000000e+02	-2.902690149958032180e+02
7.160000000000000000e+02	2.004673448797983555e+150
7.170000000000000000e+02	-9.909004877803367890e+02
7.180000000000000000e+02	-5.622567959359604174e+03
7.190000000000000000e+02	1.787776067867237417e+00
7.230000000000000000e+02	-7.814094616040783592e+01
7.240000000000000000e+02	-2.355780744670111915e+02
7.330000000000000000e+02	-7.231050799963894349e+01
7.340000000000000000e+02	2.718097132459943666e+01
7.360000000000000000e+02	nan
7.460000000000000000e+02	-3.859993928063180419e+02
7.480000000000000000e+02	1.055206596386961166e+02
7.490000000000000000e+02	3.061211847011811642e+02
7.520000000000000000e+02	3.064189028065201796e+02
7.570000000000000000e+02	1.547046079253871937e+02
7.580000000000000000e+02	-2.055334814537919286e+01
7.640000000000000000e+02	-4.496727807385304487e+01
7.710000000000000000e+02	-1.320100565881404293e+02
7.720000000000000000e+02	-3.248574015560569705e+01
7.740000000000000000e+02	-4.754093377466138577e+02
7.750000000000000000e+02	-1.063603701928132921e+02
7.760000000000000000e+02	1.683635814735245049e+02
7.770000000000000000e+02	-1.926844061507512436e+02
7.780000000000000000e+02	-2.529417668516493833e+01
7.790000000000000000e+02	3.596088496056990493e+02
7.810000000000000000e+02	3.956581796310894106e+01
7.830000000000000000e+02	5.505432191713136802e+01
7.870000000000000000e+02	1.516864339107150272e+03
7.910000000000000000e+02	-1.256345960025659849e+02
7.920000000000000000e+02	-1.527522601643117639e+02
7.930000000000000000e+02	-2.160438418512755447e+02
7.950000000000000000e+02	1.408515032863462224e+01
7.990000000000000000e+02	8.590004941881061029e+01
8.010000000000000000e+02	-1.064345281668053758e+03
8.160000000000000000e+02	-1.246294632732406029e+02
8.180000000000000000e+02	-1.056913437186432674e+02
8.200000000000000000e+02	-3.547190326417044730e+02
8.270000000000000000e+02	-3.430011736667444779e+02
8.300000000000000000e+02	3.844990927898185529e+00
8.400000000000000000e+02	-8.647280284998868183e+01
8.410000000000000000e+02	1.877093764659891235e+02
8.430000000000000000e+02	nan
8.540000000000000000e+02	-7.955290746214823905e+00
8.550000000000000000e+02	1.181766282944558242e+02
8.590000000000000000e+02	3.996165478376365741e+02
8.640000000000000000e+02	-3.465526485896543250e+02
8.660000000000000000e+02	-1.425191751412353725e+01
8.700000000000000000e+02	-1.038516349652533961e+02
8.720000000000000000e+02	-2.204228851120968002e+01
8.730000000000000000e+02	-8.343179145145215898e+02
8.760000000000000000e+02	8.286537993966496174e+01
8.770000000000000000e+02	-6.574493270992846305e+01
8.780000000000000000e+02	-8.402618512032789511e+01
8.820000000000000000e+02	-2.581316317648893914e+02
8.890000000000000000e+02	-7.821170878129147752e+01
8.930000000000000000e+02	-2.734425361623858919e+01
8.940000000000000000e+02	4.622653907733575807e+01
8.970000000000000000e+02	5.836882971875406838e+02
8.980000000000000000e+02	-6.085636341514609740e+02
8.990000000000000000e+02	9.257555663872645368e+01
9.080000000000000000e+02	-8.004413918136054917e+02
9.100000000000000000e+02	1.253998408904643469e+01
9.150000000000000000e+02	nan
9.230000000000000000e+02	8.694996473339809029e+01
9.310000000000000000e+02	2.933395485820137765e+03
9.320000000000000000e+02	-2.382481389012024522e+02
9.350000000000000000e+02	2.411563253730212750e+02
9.360000000000000000e+02	-1.599448265224417355e+03
9.390000000000000000e+02	5.923167365062373513e+00
9.400000000000000000e+02	8.412953631408299771e-01
9.410000000000000000e+02	-1.690971410066882186e+02
9.430000000000000000e+02	5.858965566996112102e+02
9.450000000000000000e+02	-9.620122138657284268e+02
9.460000000000000000e+02	-1.886430892215886388e+02
9.560000000000000000e+02	-2.722763590423859205e+04
9.590000000000000000e+02	-5.685124897582659820e+00
9.620000000000000000e+02	-5.638619842587753510e+02
9.630000000000000000e+02	-3.668441095446151934e+01
9.660000000000000000e+02	-6.024188604375338230e+01
9.670000000000000000e+02	-7.059362599761698220e-02
9.690000000000000000e+02	-1.527675389176792748e+02
9.710000000000000000e+02	-4.044935463082834417e+02
9.770000000000000000e+02	-9.671942953112288421e+01
9.780000000000000000e+02	-1.698961369729840101e+02
9.820000000000000000e+02	-1.218370583928641736e+03
9.830000000000000000e+02	1.222683086497376507e+03
9.840000000000000000e+02	5.638313410132470835e+02
9.940000000000000000e+02	4.744446389788852684e+04
9.950000000000000000e+02	-1.642492584139369001e+02
9.960000000000000000e+02	3.883005474306052029e+00
9.970000000000000000e+02	-2.372907465067004011e+02
9.980000000000000000e+02	9.393134079553644256e+01
9.990000000000000000e+02	-1.495914424957786366e+02
1.000000000000000000e+03	-3.825209487520976458e+06
1.010000000000000000e+03	2.358340543567486748e+03
1.014000000000000000e+03	-3.687402147972675834e+02
1.016000000000000000e+03	5.460612340542034815e+01
1.018000000000000000e+03	-9.706446839095036694e+00
1.020000000000000000e+03	-3.422666371687051345e+00
1.021000000000000000e+03	-3.788449098902846117e+02
1.023000000000000000e+03	-1.942942533004944607e+02
1.025000000000000000e+03	-1.378163738420544405e+03
1.028000000000000000e+03	-1.338894045429756119e+01
1.033000000000000000e+03	nan
1.034000000000000000e+03	-6.812122086266519716e+01
1.036000000000000000e+03	-1.861048879788860177e+03
1.038000000000000000e+03	-1.505261706597475495e+02
1.040000000000000000e+03	-7.168391957755375188e+00
1.041000000000000000e+03	-3.527501518263470643e+02
1.044000000000000000e+03	-8.366670555671428255e-01
1.045000000000000000e+03	nan
1.053000000000000000e+03	-3.396111744182654490e+01
1.055000000000000000e+03	1.013448429367908034e+03
1.061000000000000000e+03	nan
1.063000000000000000e+03	2.946658648468543333e+02
1.064000000000000000e+03	3.738436242245553931e+00
1.065000000000000000e+03	3.891618372095388736e+02
1.069000000000000000e+03	-1.220874851078603882e+02
1.071000000000000000e+03	1.105871951830381704e+03
1.072000000000000000e+03	-3.666647107951341127e+02
1.073000000000000000e+03	6.975313079436026520e+00
1.074000000000000000e+03	2.693071120674020991e-01
1.080000000000000000e+03	-1.736997094905015260e+01
1.082000000000000000e+03	nan
1.083000000000000000e+03	-4.067024980262417557e+02
1.086000000000000000e+03	4.590019253626978752e+02
1.087000000000000000e+03	2.112407249725457348e+01
1.088000000000000000e+03	7.707444078389387414e+02
1.094000000000000000e+03	6.497980425648222536e+01
1.095000000000000000e+03	1.658051302282614472e+02
1.096000000000000000e+03	nan
1.098000000000000000e+03	-2.011482773455690776e+01
1.099000000000000000e+03	-6.453858634564181784e+02
1.100000000000000000e+03	-4.483359497769570545e+00
1.101000000000000000e+03	5.031880583028156906e+01
1.105000000000000000e+03	nan
1.117000000000000000e+03	-3.547320224895818797e+02
1.119000000000000000e+03	-1.913075645001725604e+02
1.121000000000000000e+03	9.276901837908903303e+01
1.127000000000000000e+03	5.477189445810682855e+02
1.128000000000000000e+03	-5.544030861900112939e+01
1.131000000000000000e+03	7.812680803862986245e+00
1.139000000000000000e+03	-2.992874353997864455e+04
1.140000000000000000e+03	-3.165309405483339447e+02
1.141000000000000000e+03	1.556601009446718820e+02
1.143000000000000000e+03	-9.712239162380443247e+01
1.145000000000000000e+03	-1.139943761324666127e+02
1.146000000000000000e+03	-1.131286231886510052e+02
1.148000000000000000e+03	4.224846704138338100e+05
1.150000000000000000e+03	5.315623222829928096e+01
1.153000000000000000e+03	-1.919195966320614559e+02
1.157000000000000000e+03	-1.302196828938723172e+02
1.158000000000000000e+03	1.818779628256261844e+02
1.159000000000000000e+03	5.192538226937569590e+01
1.160000000000000000e+03	-2.988344003818104966e+02
1.163000000000000000e+03	-2.281429774519443470e+02
1.164000000000000000e+03	-5.962162659179306701e+01
1.165000000000000000e+03	nan
1.167000000000000000e+03	-5.652635474312393171e+01
1.170000000000000000e+03	-2.194637058470666346e+01
1.171000000000000000e+03	-9.003152892035764410e+01
1.172000000000000000e+03	-3.515124784982693740e+01
1.173000000000000000e+03	-1.243879200743466981e+03
1.176000000000000000e+03	5.336102130559254419e+02
1.177000000000000000e+03	9.665263758276641681e+01
1.180000000000000000e+03	9.411345999622508884e+01
1.185000000000000000e+03	-2.841947192829942992e+01
1.186000000000000000e+03	-2.891248316850946409e+01
1.188000000000000000e+03	-1.696670120142408414e+05
1.189000000000000000e+03	9.110507302079803467e+10
1.195000000000000000e+03	-2.918583377432948396e+02
1.199000000000000000e+03	3.280621669705395504e+01
1.205000000000000000e+03	1.576798556770988569e+02
1.209000000000000000e+03	-1.389097150286914939e+02
1.210000000000000000e+03	-1.693449716632742863e+01
1.212000000000000000e+03	-5.986150864314240607e+02
1.215000000000000000e+03	-5.169922630511397443e+01
1.216000000000000000e+03	-5.205224846797331702e+04
1.217000000000000000e+03	6.775255144862164514e+01
1.219000000000000000e+03	-3.331511030247769867e+01
1.221000000000000000e+03	-3.343361113376968774e+02
1.222000000000000000e+03	1.488528453359999446e+02
1.224000000000000000e+03	nan
1.231000000000000000e+03	2.355081174031304272e+02
1.232000000000000000e+03	8.198559761213400909e-01
1.233000000000000000e+03	nan
1.234000000000000000e+03	2.679315658943927403e+01
1.243000000000000000e+03	-1.774147686176801813e+02
1.248000000000000000e+03	4.780604132460877054e+01
1.249000000000000000e+03	9.184981020975031640e+01
1.251000000000000000e+03	-2.917047744008393124e+02
1.253000000000000000e+03	7.717596030473733890e+02
1.264000000000000000e+03	2.581308997528093338e+09
1.266000000000000000e+03	4.456212437087918374e+02
1.268000000000000000e+03	3.830532556826181434e+00
1.275000000000000000e+03	-4.538299276210386068e+01
1.278000000000000000e+03	-1.435889808533524103e+02
1.280000000000000000e+03	1.248080451780326428e+02
1.282000000000000000e+03	3.658604254177260486e+02
1.284000000000000000e+03	1.994350170188441496e+02
1.285000000000000000e+03	6.676784936466034992e+01
1.287000000000000000e+03	-2.042520825362262542e+02
1.290000000000000000e+03	-2.365491096503484769e+01
1.291000000000000000e+03	-8.277826060262205132e+00
1.293000000000000000e+03	-6.590333166863304371e+01
1.295000000000000000e+03	-2.369846786287118334e+02
1.299000000000000000e+03	-6.405411556687538166e+01
1.300000000000000000e+03	-9.171205818074696481e+00
1.302000000000000000e+03	1.404980396720860369e+01
1.303000000000000000e+03	7.390755817962364915e+01
1.304000000000000000e+03	3.372391976947695866e+02
1.305000000000000000e+03	4.285880459647538601e+02
1.309000000000000000e+03	1.457737077484250960e+02
1.312000000000000000e+03	-2.936131091428287618e+02
1.315000000000000000e+03	-1.744795328029852044e+02
1.317000000000000000e+03	9.519494270816384329e+00
1.319000000000000000e+03	-2.782306035852012016e+01
1.320000000000000000e+03	-2.042049121001030443e+01
1.322000000000000000e+03	-2.133569263625982160e+02
1.332000000000000000e+03	-5.230718483285028242e+01
1.334000000000000000e+03	-1.267120079494957963e+03
1.335000000000000000e+03	5.155309952117009971e+02
1.340000000000000000e+03	-1.545384015796559538e+02
1.342000000000000000e+03	-9.651439591800117341e+02
1.343000000000000000e+03	-7.548842362461197126e+02
1.348000000000000000e+03	-7.236872434304959256e+01
1.351000000000000000e+03	8.658999817879914929e+01
1.352000000000000000e+03	-5.558861434828173742e+01
1.354000000000000000e+03	-4.138188818577467032e+01
1.355000000000000000e+03	-4.705165478040617891e+06
1.356000000000000000e+03	-9.215774198978930087e+01
1.358000000000000000e+03	4.859901144564152986e+01
1.359000000000000000e+03	-4.412567030809754764e-01
1.360000000000000000e+03	-3.900821955710716793e+02
1.366000000000000000e+03	-7.128032227121484254e+01
1.369000000000000000e+03	-2.937852501345961969e+02
1.371000000000000000e+03	-1.119310936439830471e+02
1.372000000000000000e+03	2.285319798267995139e+01
1.375000000000000000e+03	-8.151688815397329790e+01
1.376000000000000000e+03	4.726749731103448653e+02
1.380000000000000000e+03	-5.160163313816232176e+02
1.382000000000000000e+03	6.841698146451606455e+00
1.383000000000000000e+03	4.928881487253574392e+02
1.384000000000000000e+03	1.007264762390009878e+02
1.386000000000000000e+03	-4.309065294251041109e+02
1.388000000000000000e+03	-8.101070028033467452e+01
1.389000000000000000e+03	2.961769184418847658e+02
1.391000000000000000e+03	1.888415411729560219e+03
1.394000000000000000e+03	-3.425331621084719558e+01
1.397000000000000000e+03	9.548508511615732886e+00
1.400000000000000000e+03	-2.899496776673113914e+02
1.402000000000000000e+03	1.859171606692026160e+02
1.403000000000000000e+03	-1.255758827225402143e+02
1.405000000000000000e+03	7.648845030877502040e+02
1.411000000000000000e+03	1.290416978181581555e+02
1.414000000000000000e+03	7.133760540352491830e+01
1.415000000000000000e+03	-2.031465582263418810e+02
1.416000000000000000e+03	1.569506729328847143e+02
1.418000000000000000e+03	6.886228352566443789e+01
1.420000000000000000e+03	1.238275578897125939e+02
1.423000000000000000e+03	-2.288464941300314877e+02
1.424000000000000000e+03	3.132574211925302734e+02
1.427000000000000000e+03	2.504719492022264546e+02
1.428000000000000000e+03	-1.422169768855939864e+01
1.430000000000000000e+03	-1.366209900228275558e+02
1.431000000000000000e+03	-2.875165881811130384e+04
1.434000000000000000e+03	2.433948503304738551e+03
1.435000000000000000e+03	-3.799820117658003227e+01
1.440000000000000000e+03	-4.962416088318954976e+00
1.442000000000000000e+03	3.847489294836254885e+02
1.443000000000000000e+03	-2.717669403235429968e+02
1.449000000000000000e+03	1.101082747766463541e+02
1.453000000000000000e+03	-9.244769141152117982e+02
1.455000000000000000e+03	7.585936575314268282e+01
1.458000000000000000e+03	1.937217115860824492e+02
1.459000000000000000e+03	-1.811503081529589849e+02
1.461000000000000000e+03	2.763601525245411139e+01
1.466000000000000000e+03	6.931086713276819467e+01
1.472000000000000000e+03	-5.044064765989863730e+01
1.478000000000000000e+03	-9.728893162358686197e+01
1.486000000000000000e+03	4.087644074014885973e+02
1.493000000000000000e+03	2.941458540015165113e+01
1.497000000000000000e+03	-3.893997057794810826e+04
1.501000000000000000e+03	-1.658507209275236164e+04
1.504000000000000000e+03	-9.919152441333929460e+01
1.507000000000000000e+03	-2.149176353095159584e+02
1.508000000000000000e+03	1.538998756732490729e+05
1.509000000000000000e+03	-1.208536932533002783e+01
1.515000000000000000e+03	nan
1.517000000000000000e+03	-8.465810651442067720e+41
1.520000000000000000e+03	2.403234793601869824e+18
1.522000000000000000e+03	inf
1.523000000000000000e+03	5.125688177830954828e+01
1.526000000000000000e+03	-2.532996110700660211e+02
1.530000000000000000e+03	-5.728519023778862902e+02
1.531000000000000000e+03	1.613514110506271209e+02
1.533000000000000000e+03	-1.941072895978445558e+02
1.535000000000000000e+03	-1.431805219684437418e+02
1.540000000000000000e+03	-3.128523048048204913e+01
1.541000000000000000e+03	-1.437015771389305030e+02
1.543000000000000000e+03	9.792072712505242293e+01
1.546000000000000000e+03	-9.416533390303304714e+02
1.548000000000000000e+03	1.894700051894015758e+02
1.551000000000000000e+03	1.303399937106329844e+03
1.552000000000000000e+03	-1.166181247346873420e+02
1.553000000000000000e+03	-7.854383158515534369e+00
1.556000000000000000e+03	nan
1.562000000000000000e+03	-7.864485633539344178e+01
1.567000000000000000e+03	-5.376203384740350799e+01
1.574000000000000000e+03	-1.739373886882630984e+02
1.575000000000000000e+03	1.788765070682796882e+06
1.579000000000000000e+03	7.887136403822866271e+01
1.580000000000000000e+03	3.244484036257981074e+01
1.582000000000000000e+03	nan
1.584000000000000000e+03	2.338834708261491357e+01
1.586000000000000000e+03	2.999717828443016856e+02
1.588000000000000000e+03	3.706936639584450859e+02
1.589000000000000000e+03	1.054516756343915347e+02
1.590000000000000000e+03	-1.704254379136397404e+02
1.591000000000000000e+03	-1.125172957689122768e+03
1.593000000000000000e+03	8.725500810267212159e+01
1.595000000000000000e+03	-1.094131734089871344e+02
1.601000000000000000e+03	-6.823116073609452314e+01
1.602000000000000000e+03	-1.618239138513008868e+02
1.603000000000000000e+03	-2.444817782833317779e+02
1.606000000000000000e+03	nan
1.607000000000000000e+03	3.188429927005033164e+02
1.610000000000000000e+03	1.515520923806796247e+02
1.615000000000000000e+03	-4.237109268479950697e+04
1.621000000000000000e+03	-3.814692424432069674e+04
1.624000000000000000e+03	-9.304749381669164165e+01
1.626000000000000000e+03	-3.675701588232047925e+02
1.630000000000000000e+03	4.157475388795852922e+01
1.631000000000000000e+03	-3.813436185349072503e+02
1.638000000000000000e+03	6.940074511104160138e+01
1.639000000000000000e+03	6.811760639379175473e+02
1.644000000000000000e+03	1.207039108546098660e+01
1.652000000000000000e+03	-2.089942913002493583e+02
1.659000000000000000e+03	2.995201385758999209e+02
1.663000000000000000e+03	-6.050045448016486489e+02
1.668000000000000000e+03	-1.474862878668553812e+01
1.669000000000000000e+03	-2.629436734880688675e+01
1.671000000000000000e+03	-4.944228651681012821e+02
1.672000000000000000e+03	-3.212769400560931103e+02
1.677000000000000000e+03	-1.714799551612698565e+02
1.679000000000000000e+03	2.889064207138907392e+01
1.680000000000000000e+03	nan
1.681000000000000000e+03	-9.799817115596977146e+02
1.682000000000000000e+03	-1.080608661636714345e+02
1.689000000000000000e+03	-3.811146190096767583e+01
1.697000000000000000e+03	-4.854352602310027720e+01
1.702000000000000000e+03	2.634242851136147223e+01
1.706000000000000000e+03	1.218589498702396377e+05
1.708000000000000000e+03	2.548688971988601892e+01
1.713000000000000000e+03	-5.446925209918659760e+01
1.716000000000000000e+03	-2.146987961287987901e+02
1.720000000000000000e+03	-8.181555146448346250e+01
1.723000000000000000e+03	-2.785170947988177090e+02
1.724000000000000000e+03	-1.195220710436594089e+02
1.725000000000000000e+03	1.358209200313151221e+01
1.726000000000000000e+03	-4.538547532586791817e+02
1.729000000000000000e+03	2.700454194241240558e+00
1.731000000000000000e+03	-1.230400777398651257e+02
1.732000000000000000e+03	-5.506387142642879553e+02
1.738000000000000000e+03	4.205772432568136934e+125
1.744000000000000000e+03	1.126593941096377272e+01
1.746000000000000000e+03	-1.063415744205339593e+02
1.769000000000000000e+03	-1.590622359247986495e+01
1.770000000000000000e+03	-9.783091566045818865e+01
1.771000000000000000e+03	-8.444558414278850478e+01
1.777000000000000000e+03	2.694452319044009346e+04
1.778000000000000000e+03	1.875774073212228927e+02
1.781000000000000000e+03	-4.938167352406859578e+01
1.790000000000000000e+03	-5.223775991047274658e+01
1.791000000000000000e+03	1.278143517547645018e+02
1.792000000000000000e+03	-1.229051764043823141e+03
1.796000000000000000e+03	-1.139369873312418093e+02
1.799000000000000000e+03	-2.014269992394402209e+02
1.802000000000000000e+03	1.977099601426716902e+02
1.803000000000000000e+03	1.542495335685074167e+02
1.804000000000000000e+03	5.985040715208157440e+17
1.807000000000000000e+03	-8.997987285929675636e+02
1.808000000000000000e+03	1.963621372929210054e+02
1.809000000000000000e+03	3.080116600796150124e+02
1.811000000000000000e+03	1.087784030943965163e+01
1.815000000000000000e+03	-1.538815193911382551e+02
1.819000000000000000e+03	nan
1.820000000000000000e+03	3.461736625031484209e+02
1.821000000000000000e+03	4.462829353229589202e+01
1.823000000000000000e+03	-9.590486944129674521e+04
1.837000000000000000e+03	3.723452606302755044e+02
1.838000000000000000e+03	5.973318488599119291e+01
1.840000000000000000e+03	-8.077296699939940083e+01
1.841000000000000000e+03	3.019332702926097909e+02
1.842000000000000000e+03	3.047001452940866102e+02
1.848000000000000000e+03	6.842871182658831231e+01
1.856000000000000000e+03	2.347963544825504359e+05
1.858000000000000000e+03	1.514389527272045939e+02
1.863000000000000000e+03	1.072054448488008234e+02
1.865000000000000000e+03	-1.925324246311832894e+02
1.866000000000000000e+03	-2.850302951148163402e+02
1.868000000000000000e+03	9.677724092451967408e+01
1.875000000000000000e+03	-2.452739242888570743e+02
1.878000000000000000e+03	-8.383458104878550898e+01
1.879000000000000000e+03	-5.302080195195609331e+07
1.880000000000000000e+03	-1.652871101170756774e+01
1.883000000000000000e+03	-2.184127309019701784e+02
1.885000000000000000e+03	-9.550413811876653369e+01
1.888000000000000000e+03	1.986761148791515552e+02
1.889000000000000000e+03	-3.428344140184872231e+02
1.890000000000000000e+03	2.021198570811778268e+02
1.891000000000000000e+03	-1.193981495683361658e+02
1.892000000000000000e+03	-4.849303066970809368e+02
1.894000000000000000e+03	-5.856584246307294279e+02
1.895000000000000000e+03	1.842929918620571783e+01
1.900000000000000000e+03	1.739189760932832769e+02
1.901000000000000000e+03	-2.907019564126405839e+02
1.905000000000000000e+03	-6.288268134367827145e+01
1.907000000000000000e+03	-6.982175320711444044e+01
1.908000000000000000e+03	9.157833208386975343e+01
1.914000000000000000e+03	-7.101438604016784666e+02
1.916000000000000000e+03	-4.081068746390921547e+02
1.917000000000000000e+03	-2.163022345750123421e+00
1.919000000000000000e+03	5.288580704579824321e+00
1.924000000000000000e+03	nan
1.925000000000000000e+03	6.164695279072567047e+01
1.928000000000000000e+03	nan
1.930000000000000000e+03	-6.183523915393849535e+01
1.932000000000000000e+03	-6.856761509571839497e+02
1.935000000000000000e+03	2.325739943946305122e+00
1.937000000000000000e+03	-3.183784925444591067e+02
1.939000000000000000e+03	3.001728679036248195e+02
1.942000000000000000e+03	nan
1.944000000000000000e+03	-1.048079292432524312e+02
1.946000000000000000e+03	nan
1.951000000000000000e+03	4.382891035533058457e+05
1.952000000000000000e+03	-2.755966574202448101e+02
1.954000000000000000e+03	-6.370176510641258716e+01
1.957000000000000000e+03	-1.336539231283624396e+01
1.963000000000000000e+03	-4.612902151348419011e+01
1.967000000000000000e+03	-8.165304553207618028e+02
1.970000000000000000e+03	-1.082307037210038743e+03
1.974000000000000000e+03	-6.089238652456138823e+01
1.979000000000000000e+03	-1.910087996979047986e+01
1.981000000000000000e+03	-7.112363013321412836e+03
1.985000000000000000e+03	3.619610913780425676e+02
1.987000000000000000e+03	-6.155808754948798196e+02
1.989000000000000000e+03	-9.484822187457972404e+02
1.994000000000000000e+03	-1.279626635520605475e+02
1.997000000000000000e+03	-1.407924739487401666e+02
2.001000000000000000e+03	-1.800441249925212048e+02
2.002000000000000000e+03	-1.070686615167244469e+02
2.004000000000000000e+03	-8.128564435366761245e+02
2.007000000000000000e+03	-6.236020065266931311e+01
2.010000000000000000e+03	-1.989060813979111515e+02
2.011000000000000000e+03	5.278372288490691062e+03
2.012000000000000000e+03	-8.118211855237694863e+02
2.017000000000000000e+03	-2.394067162920235603e+02
2.018000000000000000e+03	-5.497399792793059987e+02
2.019000000000000000e+03	-1.364362802953753544e+02
2.027000000000000000e+03	-8.476279733968572145e+02
2.031000000000000000e+03	-2.070464434296057163e+02
2.042000000000000000e+03	5.130118275496541713e+01
2.043000000000000000e+03	-2.008687607462441065e+02
2.049000000000000000e+03	7.895222828198120624e+01
2.051000000000000000e+03	-4.662610822868342808e+01
2.052000000000000000e+03	-5.441377158466425357e+01
2.053000000000000000e+03	-1.338299809674494725e+02
2.054000000000000000e+03	-1.545564459801147272e+01
2.057000000000000000e+03	-1.258732621024603588e+02
2.058000000000000000e+03	nan
2.059000000000000000e+03	-8.161601049330175783e+01
2.063000000000000000e+03	1.825133100232667630e+03
2.065000000000000000e+03	1.895614588707143184e+02
2.069000000000000000e+03	-5.520180724724981701e+04
2.073000000000000000e+03	-1.223215552436236777e+02
2.074000000000000000e+03	-1.664116084940784049e+03
2.075000000000000000e+03	-1.358468313779642678e+01
2.077000000000000000e+03	1.865872573334454785e+02
2.078000000000000000e+03	7.630170748814498438e+01
2.080000000000000000e+03	-1.336012963374034968e+01
2.085000000000000000e+03	1.049352579379337698e+02
2.087000000000000000e+03	-1.555665387615400732e+02
2.096000000000000000e+03	4.005653280186067633e+01
2.097000000000000000e+03	-2.410513534017398030e+01
2.099000000000000000e+03	2.265490891832174327e+02
2.100000000000000000e+03	-2.559628477919686986e+02
2.101000000000000000e+03	-1.595227628362064250e+07
2.102000000000000000e+03	-2.574294222723681287e+02
2.106000000000000000e+03	-2.886249348344507837e+01
2.110000000000000000e+03	2.554927064610373293e+02
2.112000000000000000e+03	-7.392590975987693014e+01
2.115000000000000000e+03	-2.377754207971750020e+02
2.116000000000000000e+03	-2.527860129675851653e+01
2.120000000000000000e+03	5.589516288827828703e+02
2.121000000000000000e+03	8.196102083024659078e+04
2.122000000000000000e+03	-4.966110620488135652e+01
2.124000000000000000e+03	-7.066867855965286083e+01
2.128000000000000000e+03	nan
2.131000000000000000e+03	-2.599319318881397862e+02
2.132000000000000000e+03	-3.692075370109630938e+01
2.133000000000000000e+03	-4.307886346306694492e+01
2.134000000000000000e+03	2.012041718702416233e+02
2.138000000000000000e+03	-2.590710021795534885e+02
2.139000000000000000e+03	8.268524943594496790e+01
2.140000000000000000e+03	-1.430481039057287092e+02
2.142000000000000000e+03	-2.598779152809125890e+02
2.148000000000000000e+03	-2.728214592318137761e+02
2.154000000000000000e+03	-2.289959187679899344e+02
2.157000000000000000e+03	-5.084963036165962080e+02
2.158000000000000000e+03	-1.033809166889155620e+02
2.165000000000000000e+03	-1.318474893758793996e+03
2.167000000000000000e+03	nan
2.171000000000000000e+03	-1.395709301114938512e+02
2.173000000000000000e+03	1.916973687029458162e+01
2.178000000000000000e+03	3.160658786943306353e+01
2.179000000000000000e+03	6.399752818667882082e+01
2.182000000000000000e+03	-5.108008395507488899e+02
2.203000000000000000e+03	7.250263186860101428e+01
2.207000000000000000e+03	-8.183355444019753486e+04
2.208000000000000000e+03	-7.950202803327835863e+05
2.209000000000000000e+03	4.898454848984110299e+02
2.212000000000000000e+03	-1.241292198207044351e+02
2.213000000000000000e+03	-1.257330424997177971e+02
2.214000000000000000e+03	-1.088739214334066901e+03
2.215000000000000000e+03	6.036188579625933244e+02
2.220000000000000000e+03	5.549833441644117329e+02
2.222000000000000000e+03	4.050599679210471038e+00
2.225000000000000000e+03	2.201473984432577069e+01
2.228000000000000000e+03	-8.949603050069103460e+01
2.229000000000000000e+03	-1.773615735549707395e+01
2.231000000000000000e+03	-2.319398744963764614e+02
2.232000000000000000e+03	-1.767718971839938149e+02
2.233000000000000000e+03	-2.019587799898242508e+01
2.241000000000000000e+03	-1.184087045838199828e+02
2.243000000000000000e+03	-5.090569010681660739e+35
2.244000000000000000e+03	-3.245989544776895741e+01
2.245000000000000000e+03	-6.284570022274384371e+01
2.247000000000000000e+03	4.064366853879442942e+02
2.248000000000000000e+03	-1.897389923053744099e+02
2.253000000000000000e+03	1.812802531480484731e+02
2.254000000000000000e+03	-7.460830094604199303e+01
2.255000000000000000e+03	-1.466705736883476447e+02
2.256000000000000000e+03	-3.664328093552263255e+01
2.264000000000000000e+03	-4.518813190222268794e+00
2.269000000000000000e+03	-2.306279237036013967e+02
2.270000000000000000e+03	-1.861896626668268482e+02
2.273000000000000000e+03	-2.792884468174789845e+02
2.274000000000000000e+03	-2.672017833161860381e+02
2.275000000000000000e+03	-3.635642970342818359e+01
2.279000000000000000e+03	-4.735108358301759068e+01
2.280000000000000000e+03	3.362210293608065559e+00
2.281000000000000000e+03	-1.673015387809232948e+02
2.284000000000000000e+03	-2.787241520443201352e+02
2.285000000000000000e+03	1.253155813136083907e+02
2.287000000000000000e+03	1.191377497172345130e+02
2.289000000000000000e+03	-2.011681920986214607e+02
2.290000000000000000e+03	-4.411153401744904272e+02
2.295000000000000000e+03	8.217202932749502509e+01
2.305000000000000000e+03	-1.592349665926879538e+02
2.314000000000000000e+03	7.461181513030764734e+01
2.317000000000000000e+03	-2.798882863463785498e+02
2.320000000000000000e+03	-4.536728119328063826e+02
2.321000000000000000e+03	6.317329439343693309e+01
2.323000000000000000e+03	-8.930969757974092715e+01
2.324000000000000000e+03	-4.034541251713265098e+01
2.326000000000000000e+03	4.426982063930990030e+00
2.327000000000000000e+03	2.306486150498245991e+02
2.329000000000000000e+03	5.875755690714727280e+02
2.330000000000000000e+03	8.903411383110292832e+01
2.335000000000000000e+03	-1.139671346325545187e+02
2.338000000000000000e+03	7.014119479940856695e+08
2.341000000000000000e+03	nan
2.345000000000000000e+03	-9.258027534636859457e+01
2.346000000000000000e+03	8.388273854092562942e+01
2.353000000000000000e+03	6.429635343231804079e+00
2.354000000000000000e+03	-2.548441779992464262e+01
2.356000000000000000e+03	1.248318547432508119e+01
2.357000000000000000e+03	4.569103930936759070e+02
2.359000000000000000e+03	-1.166371603431513904e+03
2.364000000000000000e+03	nan
2.366000000000000000e+03	nan
2.368000000000000000e+03	1.784320308016507397e+02
2.369000000000000000e+03	-9.637940026719233720e+04
2.370000000000000000e+03	-2.937903970013143251e+01
2.372000000000000000e+03	-2.175926211689364209e+03
2.376000000000000000e+03	-3.933128472778950169e+01
2.377000000000000000e+03	-2.131932569639469079e+02
2.379000000000000000e+03	-4.629695868052293122e+02
2.381000000000000000e+03	2.221625413169348836e+08
2.382000000000000000e+03	-2.124885895436611349e+02
2.389000000000000000e+03	-1.200112423368085501e+03
2.391000000000000000e+03	1.030380485541775561e+05
2.392000000000000000e+03	-2.415046536946861977e+02
2.396000000000000000e+03	4.930129805089467823e+02
2.398000000000000000e+03	-1.147421426615213420e+02
2.402000000000000000e+03	nan
2.416000000000000000e+03	5.143821517394344482e+02
2.419000000000000000e+03	-5.994432572965830559e+02
2.421000000000000000e+03	-2.651034191530712292e+01
2.422000000000000000e+03	8.074790886234152198e-01
2.423000000000000000e+03	-9.833591971737006250e+13
2.424000000000000000e+03	-1.091535765816344927e+01
2.426000000000000000e+03	2.348825326871072718e+02
2.429000000000000000e+03	-1.730114252293745380e+01
2.433000000000000000e+03	-2.984961771583436416e+02
2.441000000000000000e+03	-3.390327611687109311e+04
2.443000000000000000e+03	2.804642034115814297e+01
2.447000000000000000e+03	-4.871331512040240455e+02
2.453000000000000000e+03	-1.164930322064978725e+02
2.460000000000000000e+03	-2.032519507337293874e+01
2.466000000000000000e+03	4.341190194490800991e+01
2.473000000000000000e+03	2.475705270482567641e+02
2.481000000000000000e+03	1.025153567651663877e+02
2.483000000000000000e+03	-2.895563165211945034e+02
2.485000000000000000e+03	2.299525857279394927e+02
2.486000000000000000e+03	-2.919547073467828113e+02
2.491000000000000000e+03	-4.361025111247173669e+01
2.492000000000000000e+03	3.305335371733555405e+01
2.493000000000000000e+03	5.272093920263903328e+02
2.495000000000000000e+03	1.287250722371016423e+02
2.496000000000000000e+03	-8.127048135256466139e+02
2.497000000000000000e+03	-7.790651512505093024e+01
2.498000000000000000e+03	3.927881459554913590e+01
2.505000000000000000e+03	-2.164712603402865909e+02
2.512000000000000000e+03	4.587930206848922126e+02
2.514000000000000000e+03	1.092227972317707696e+01
2.518000000000000000e+03	1.503783570791203200e+16
2.522000000000000000e+03	-3.300549996049581978e+02
2.523000000000000000e+03	-4.351844397270412657e+01
2.526000000000000000e+03	3.265623053232935717e+02
2.528000000000000000e+03	-9.735505793435918065e+01
2.529000000000000000e+03	1.323836327855137540e+02
2.530000000000000000e+03	1.157758203717030732e+01
2.531000000000000000e+03	-4.679141541447383368e+00
2.539000000000000000e+03	-1.192340815436184727e+02
2.540000000000000000e+03	1.878952239616026247e+02
2.541000000000000000e+03	-1.659138247828239230e+02
2.542000000000000000e+03	-3.238003743916108874e+02
2.543000000000000000e+03	9.281131764512770133e+01
2.544000000000000000e+03	-3.174622785878147511e+02
2.549000000000000000e+03	-2.612577732110834177e+02
2.553000000000000000e+03	-2.723991608955037123e+02
2.554000000000000000e+03	-1.710263045335472270e+04
2.555000000000000000e+03	4.340117127040183732e+03
2.556000000000000000e+03	-1.125771644011332313e+02
2.560000000000000000e+03	-7.683797183201161829e+01
2.563000000000000000e+03	2.054375028282839821e+02
2.564000000000000000e+03	1.598267230018923613e+01
2.565000000000000000e+03	-3.987885705399094149e+02
2.568000000000000000e+03	-2.734151915824951971e+02
2.569000000000000000e+03	-5.002208426313826095e+01
2.571000000000000000e+03	-3.156946943472779594e+02
2.574000000000000000e+03	-6.167787921374053184e+01
2.582000000000000000e+03	2.743607007156543887e+02
2.583000000000000000e+03	-8.750255438276722089e+02
2.584000000000000000e+03	1.339822057970016544e+02
2.587000000000000000e+03	5.644319406027622676e+01
2.588000000000000000e+03	nan
2.590000000000000000e+03	2.271710657883541629e+01
2.596000000000000000e+03	7.851230460351630427e+02
2.597000000000000000e+03	-2.774107934636355921e+01
2.604000000000000000e+03	-5.632178043903412618e+04
2.606000000000000000e+03	2.749977124005747555e+02
2.617000000000000000e+03	-2.674724174954531009e+02
2.619000000000000000e+03	-2.351986368222721285e+04
2.622000000000000000e+03	-4.068812203519886594e+01
2.623000000000000000e+03	-2.643968937866098713e+03
2.628000000000000000e+03	-2.279709956502947250e+02
2.629000000000000000e+03	1.933237037735458586e+01
2.633000000000000000e+03	-1.683058138110252742e+02
2.638000000000000000e+03	1.170415928591004473e+01
2.639000000000000000e+03	4.043280477686608378e+02
2.641000000000000000e+03	-1.012501818177525337e+02
2.643000000000000000e+03	-3.336412589662148065e+01
2.648000000000000000e+03	1.106063049706691875e+15
2.650000000000000000e+03	-1.335346636462553404e+07
2.656000000000000000e+03	2.096125674724488022e+02
2.662000000000000000e+03	-3.121777011990912456e+02
2.663000000000000000e+03	-3.629761927178230962e+01
2.664000000000000000e+03	6.507654455321618059e+01
2.665000000000000000e+03	-5.941699780820641053e+01
2.667000000000000000e+03	-2.357072715990227607e+02
2.668000000000000000e+03	-2.360512055688962505e+02
2.669000000000000000e+03	-1.519577975955871523e+02
2.670000000000000000e+03	-5.738328357647417732e+01
2.671000000000000000e+03	-1.078117457710344717e+07
2.672000000000000000e+03	1.849567714741615703e+02
2.673000000000000000e+03	-4.415182170991417365e+01
2.676000000000000000e+03	nan
2.678000000000000000e+03	-3.462287178532357501e+01
2.685000000000000000e+03	nan
2.686000000000000000e+03	nan
2.689000000000000000e+03	-1.089973748260295423e+02
2.692000000000000000e+03	1.684762963728042706e+01
2.701000000000000000e+03	-1.544907212888758841e+04
2.703000000000000000e+03	-2.080043304372542323e+01
2.705000000000000000e+03	-1.451723625956978481e+02
2.709000000000000000e+03	1.216094741224384052e+03
2.710000000000000000e+03	4.027329672654104797e+01
2.712000000000000000e+03	-5.136930835020207553e+01
2.722000000000000000e+03	-2.807992708970074247e+01
2.726000000000000000e+03	8.410739788479521195e+00
2.727000000000000000e+03	-1.500774440311043350e+02
2.732000000000000000e+03	7.433491179783059977e+01
2.735000000000000000e+03	-1.366349851323749590e+03
2.736000000000000000e+03	-5.166963167465771676e+02
2.737000000000000000e+03	2.707106573191790133e+01
2.738000000000000000e+03	-5.567023958365706449e+01
2.743000000000000000e+03	1.528717262915311039e+02
2.744000000000000000e+03	-3.697049889825768432e+00
2.745000000000000000e+03	4.294480152342777001e+04
2.747000000000000000e+03	3.234620236877516763e-01
2.754000000000000000e+03	-8.586003724487760280e+01
2.755000000000000000e+03	-1.312569624180820256e+02
2.762000000000000000e+03	-6.821828012452049279e+02
2.764000000000000000e+03	nan
2.768000000000000000e+03	1.893999511136651677e+02
2.771000000000000000e+03	-2.152018461625308277e+01
2.773000000000000000e+03	-2.678858500389697497e+02
2.774000000000000000e+03	-1.277722232884082700e+02
2.783000000000000000e+03	-5.613691630770872365e+01
2.784000000000000000e+03	6.553439106875940467e+01
2.785000000000000000e+03	9.118094295207569076e+02
2.787000000000000000e+03	-1.866266588411411968e+18
2.795000000000000000e+03	5.930317044080500466e+01
2.796000000000000000e+03	-7.692899653572875707e+01
2.798000000000000000e+03	-8.531711156195267165e+01
2.800000000000000000e+03	-6.241581968191267151e+02
2.801000000000000000e+03	-3.439885875255399128e+02
2.804000000000000000e+03	1.238694284296737280e+18
2.806000000000000000e+03	1.030052101408454917e+02
2.807000000000000000e+03	nan
2.810000000000000000e+03	-8.958422005990934167e+02
2.814000000000000000e+03	-5.008384034842495502e+00
2.817000000000000000e+03	-6.293137321845132526e-01
2.826000000000000000e+03	3.500820354090896647e+00
2.827000000000000000e+03	-7.447933046368109444e+01
2.828000000000000000e+03	-3.401889176719677721e+02
2.836000000000000000e+03	-1.280486185097455598e+00
2.841000000000000000e+03	-9.242869493385305191e+01
2.846000000000000000e+03	-1.274914104322004107e+02
2.848000000000000000e+03	-3.284159903958632754e+01
2.849000000000000000e+03	-4.816441292550418041e+01
2.851000000000000000e+03	-3.965242954653896845e+02
2.854000000000000000e+03	-5.158498510473664282e+02
2.858000000000000000e+03	-3.155626383173616034e+01
2.859000000000000000e+03	-1.430666596598802016e+02
2.862000000000000000e+03	7.325295554528686637e+01
2.864000000000000000e+03	-1.601832079914856877e+03
2.865000000000000000e+03	-1.411692806591717897e+02
2.866000000000000000e+03	-4.104951412185334902e+01
2.868000000000000000e+03	-3.308433861595443091e+02
2.873000000000000000e+03	1.180895617946136440e+02
2.876000000000000000e+03	-2.491270994437324191e+02
2.877000000000000000e+03	nan
2.878000000000000000e+03	3.485714973094849967e+01
2.879000000000000000e+03	-9.307976132284802588e+02
2.880000000000000000e+03	-2.665535035972574818e+01
2.881000000000000000e+03	1.285674788654322320e+01
2.886000000000000000e+03	-6.186608959781374324e+02
2.890000000000000000e+03	inf
2.891000000000000000e+03	-5.272555376296703855e+01
2.894000000000000000e+03	-5.048075353477800604e+02
2.895000000000000000e+03	-1.374665517315692966e+02
2.896000000000000000e+03	6.455524995035663949e+01
2.900000000000000000e+03	-3.463529080993362754e+02
2.903000000000000000e+03	7.137101778966670054e+02
2.905000000000000000e+03	-7.555927806720371791e+02
2.906000000000000000e+03	-1.236481032420994381e+02
2.911000000000000000e+03	-1.027797474364219852e+03
2.913000000000000000e+03	9.806050093501498566e+01
2.914000000000000000e+03	4.457597656516127493e+00
2.915000000000000000e+03	7.856979774321569039e+02
2.916000000000000000e+03	-2.069115755897738040e+01
2.918000000000000000e+03	-2.603915394147934990e+02
2.921000000000000000e+03	-1.521226773512733644e+03
2.925000000000000000e+03	-6.123010798565663748e+01
2.927000000000000000e+03	1.829338499165000445e+46
2.928000000000000000e+03	-4.820709573563697934e+07
2.929000000000000000e+03	-6.371751912811391776e+02
2.931000000000000000e+03	2.449778795961091404e+01
2.933000000000000000e+03	-6.044509052962002471e+01
2.934000000000000000e+03	-2.829818262946949972e+02
2.935000000000000000e+03	-7.011628514476804241e+01
2.940000000000000000e+03	-2.459922596604409648e+02
2.944000000000000000e+03	1.002751358849571943e+02
2.954000000000000000e+03	1.443362145804002694e+03
2.956000000000000000e+03	6.544791171110604466e+01
2.959000000000000000e+03	-2.770667401003069941e+01
2.962000000000000000e+03	-3.723889463347694573e+02
2.963000000000000000e+03	1.144764589475532688e+02
2.966000000000000000e+03	-4.866697956214286478e+02
2.969000000000000000e+03	4.509141964963394571e+02
2.971000000000000000e+03	-5.705423862375163679e+01
2.975000000000000000e+03	-5.592465256442670943e+05
2.976000000000000000e+03	-4.506394996283806620e+01
2.979000000000000000e+03	-3.244207771552348731e+02
2.988000000000000000e+03	-9.425232260745206148e+00
2.990000000000000000e+03	nan
2.994000000000000000e+03	-2.857946244800238560e+02
2.999000000000000000e+03	-9.844579234028709607e+02
