0.000000000000000000e+00	1.538002968494788547e+01
1.000000000000000000e+00	-3.282972039683224921e+02
2.000000000000000000e+00	9.977238748812581548e+01
6.000000000000000000e+00	5.024635998124005454e+01
7.000000000000000000e+00	-6.812430522309817604e+01
9.000000000000000000e+00	-2.763887969724764275e+02
1.000000000000000000e+01	-1.016972200047402879e+02
1.200000000000000000e+01	-3.016637028548700528e+01
1.300000000000000000e+01	-6.799544528895848927e+00
1.500000000000000000e+01	-3.025702967775754004e+01
1.700000000000000000e+01	8.837497133777663549e+00
1.800000000000000000e+01	-9.458191653215040162e+01
2.200000000000000000e+01	-5.194282225457376256e+01
2.400000000000000000e+01	-4.950781016341862539e+01
2.500000000000000000e+01	-1.129017459716067151e+02
2.800000000000000000e+01	-4.900457650630448825e+01
2.900000000000000000e+01	2.216766641186911500e+02
3.000000000000000000e+01	-5.794046655788505973e+00
3.100000000000000000e+01	-4.464036803264535820e+02
3.200000000000000000e+01	-1.680375582210596122e+02
3.400000000000000000e+01	2.908591659373886529e+01
3.600000000000000000e+01	-2.482929185318786836e+01
3.700000000000000000e+01	-1.812338192304231654e+02
3.800000000000000000e+01	2.437096569297576991e+02
3.900000000000000000e+01	-1.720244210322803156e+02
4.100000000000000000e+01	-3.388478314945199088e+01
4.200000000000000000e+01	1.484080779386855227e+02
4.300000000000000000e+01	2.232767831684194704e+01
4.400000000000000000e+01	1.341029816391078384e+02
4.600000000000000000e+01	-2.986064210802057772e+01
4.800000000000000000e+01	-3.954103138387164051e+01
4.900000000000000000e+01	-2.678737404411236511e+01
5.100000000000000000e+01	-5.777243664485985875e+01
5.200000000000000000e+01	4.105682478166421134e+01
5.300000000000000000e+01	-5.436947543683162820e+01
5.500000000000000000e+01	-5.276442980389992243e+01
5.600000000000000000e+01	-1.621297441397258510e+01
6.000000000000000000e+01	-9.848751833830715441e+01
6.100000000000000000e+01	-1.089859456716156529e+02
6.200000000000000000e+01	-1.399464647504332149e+01
6.400000000000000000e+01	2.738634517760532816e+01
6.600000000000000000e+01	-2.562174601407143371e+01
6.700000000000000000e+01	3.465706776679471801e+01
6.800000000000000000e+01	-1.756578323663526646e+02
6.900000000000000000e+01	-1.516011631546976730e+02
7.200000000000000000e+01	5.137240969330872709e+00
7.300000000000000000e+01	-1.765682967267769357e+02
7.400000000000000000e+01	-4.892086217587542762e+01
7.600000000000000000e+01	-2.435420870170145804e+02
7.700000000000000000e+01	2.394031354741694173e+01
7.800000000000000000e+01	2.903795605149460357e+01
8.100000000000000000e+01	-6.273466700747577285e+00
8.200000000000000000e+01	-1.986920456725295026e+02
8.300000000000000000e+01	4.333801726503167195e+00
8.400000000000000000e+01	-1.570721337563312545e+02
8.500000000000000000e+01	1.116018736860817739e+01
8.700000000000000000e+01	1.741042850005504761e+02
8.800000000000000000e+01	9.521790422367996598e+01
9.100000000000000000e+01	-3.532705668393961940e+00
9.300000000000000000e+01	-1.745314053626098882e+02
9.400000000000000000e+01	3.250516811015725693e+01
9.500000000000000000e+01	-9.460314764582529179e+00
9.600000000000000000e+01	-3.942251089078620225e+02
9.700000000000000000e+01	-7.501741728852597646e+01
9.800000000000000000e+01	1.157237857656786559e+02
1.020000000000000000e+02	-1.265026913258555226e+02
1.030000000000000000e+02	3.337877183057550212e+01
1.040000000000000000e+02	-1.500388077113925362e+02
1.050000000000000000e+02	-3.591194099150217198e+02
1.070000000000000000e+02	-1.491308191377009678e+02
1.080000000000000000e+02	-5.550659872886906498e+01
1.090000000000000000e+02	-8.864125036403076763e+01
1.110000000000000000e+02	-1.058906235390382733e+02
1.120000000000000000e+02	1.106679981842357208e+01
1.150000000000000000e+02	-4.788564187997035759e+01
1.160000000000000000e+02	-1.704951444566660257e+02
1.170000000000000000e+02	6.475866898682903994e+00
1.180000000000000000e+02	-8.260342979811225916e+01
1.190000000000000000e+02	-2.120538251890308175e+02
1.200000000000000000e+02	7.362880252243776624e+01
1.210000000000000000e+02	-2.467713800262332597e+02
1.230000000000000000e+02	3.869672227331663805e+01
1.240000000000000000e+02	-1.640328897331065264e+03
1.260000000000000000e+02	-1.002720117954712720e+02
1.280000000000000000e+02	-3.227461501633690091e+02
1.300000000000000000e+02	1.082388518933173032e+02
1.310000000000000000e+02	-2.258896680944902187e+02
1.350000000000000000e+02	5.429386499011260270e+01
1.360000000000000000e+02	-2.576517409627573585e+01
1.380000000000000000e+02	1.131104243355832040e+00
1.390000000000000000e+02	-6.481628148793073763e+01
1.400000000000000000e+02	-1.540289171905916135e+02
1.450000000000000000e+02	-9.878439035180496264e-01
1.490000000000000000e+02	9.278578315729644643e+00
1.500000000000000000e+02	-7.258670840908122557e+01
1.510000000000000000e+02	-3.770316874411236086e+01
1.520000000000000000e+02	-1.070773782304613597e+01
1.530000000000000000e+02	-1.003741815220833757e+02
1.540000000000000000e+02	-8.910223105263344223e+01
1.550000000000000000e+02	5.534013456396939290e+01
1.570000000000000000e+02	-7.351341422285462102e+01
1.590000000000000000e+02	-7.207849732852347415e+02
1.620000000000000000e+02	-4.761271921071843849e+02
1.630000000000000000e+02	-2.674777355138418855e+01
1.640000000000000000e+02	-1.048106178687244352e+02
1.650000000000000000e+02	-1.039946722248671307e+02
1.660000000000000000e+02	7.136561599340215878e+01
1.670000000000000000e+02	-8.930480033801180184e+01
1.690000000000000000e+02	-8.343434661418913834e+01
1.710000000000000000e+02	1.408032297836908526e+02
1.720000000000000000e+02	-9.836291892681552440e+01
1.730000000000000000e+02	-4.201351986952855810e+01
1.740000000000000000e+02	1.260887919997877020e+02
1.750000000000000000e+02	-9.866095988419917262e+01
1.760000000000000000e+02	-1.591073465290471631e+02
1.770000000000000000e+02	1.779442372550986704e+02
1.780000000000000000e+02	-4.184532940880232843e+01
1.790000000000000000e+02	1.711470022848244099e+01
1.800000000000000000e+02	1.698645475513031755e+01
1.810000000000000000e+02	2.592199011826025981e+02
1.820000000000000000e+02	1.121181504616294262e+02
1.830000000000000000e+02	1.986682316438160001e+01
1.840000000000000000e+02	-7.426147440972049196e+01
1.850000000000000000e+02	-3.208065541949473953e+01
1.860000000000000000e+02	3.447919762604335414e+00
1.870000000000000000e+02	-1.259022000590597301e+01
1.880000000000000000e+02	-7.624209796751361523e+01
1.890000000000000000e+02	4.404995403448279490e+01
1.910000000000000000e+02	1.740033297330639073e+01
1.920000000000000000e+02	-4.109045910247078837e+01
1.940000000000000000e+02	-8.966349187770886431e+01
1.950000000000000000e+02	-1.682775595370304131e+02
1.960000000000000000e+02	5.505143574986396260e+01
1.970000000000000000e+02	-2.298099900120829773e+02
2.000000000000000000e+02	5.451953390781777387e+01
2.020000000000000000e+02	-1.080322486162167621e+02
2.050000000000000000e+02	-3.602085328168671481e+02
2.060000000000000000e+02	-8.652614978617341990e+01
2.070000000000000000e+02	5.685129324836260167e+01
2.080000000000000000e+02	-3.247977564643200026e+02
2.090000000000000000e+02	1.272726712468852526e+02
2.100000000000000000e+02	-2.284378545702184837e+01
2.130000000000000000e+02	-1.613012469667727657e+02
2.140000000000000000e+02	6.557194573467339360e+00
2.150000000000000000e+02	-1.263176841527540688e+02
2.160000000000000000e+02	-2.360743802396721662e+02
2.190000000000000000e+02	7.086914477429420600e+00
2.200000000000000000e+02	-1.213327582692650886e+01
2.220000000000000000e+02	-1.762478453144350610e+01
2.230000000000000000e+02	-4.742172213615793197e+01
2.240000000000000000e+02	6.870592947710288456e+01
2.250000000000000000e+02	-2.059243401351471547e+01
2.260000000000000000e+02	-9.674795930478185824e+01
2.280000000000000000e+02	-3.194798679995376034e+01
2.290000000000000000e+02	-3.545020518161017975e+01
2.310000000000000000e+02	-4.131833314994752726e+01
2.320000000000000000e+02	-7.108822988953338040e+01
2.340000000000000000e+02	8.709020532994943053e+00
2.360000000000000000e+02	-1.410054291604368757e+02
2.390000000000000000e+02	-1.162821923789048100e+02
2.400000000000000000e+02	5.582202603735917990e+01
2.410000000000000000e+02	3.941743875712100476e+01
2.420000000000000000e+02	-1.304570784560786656e+01
2.450000000000000000e+02	-5.261966287610746917e+01
2.490000000000000000e+02	7.371900995431664683e+01
2.500000000000000000e+02	-3.674895731527925591e+01
2.510000000000000000e+02	1.552150756610777194e+01
2.520000000000000000e+02	-1.165348499400356559e+02
2.530000000000000000e+02	-4.767340706973357101e+01
2.540000000000000000e+02	-2.825426284999718618e+01
2.560000000000000000e+02	6.651938134962132381e+02
2.580000000000000000e+02	1.931790619660037223e+01
2.610000000000000000e+02	-6.881282565013928831e+01
2.620000000000000000e+02	1.552007605327820450e+01
2.640000000000000000e+02	-5.273693028252621318e+00
2.650000000000000000e+02	1.732989683405595542e+02
2.660000000000000000e+02	-1.860809780915598424e+02
2.670000000000000000e+02	-1.376411136414231464e+02
2.680000000000000000e+02	-4.972340071267387174e+01
2.700000000000000000e+02	-3.168549020360746837e+01
2.710000000000000000e+02	-4.276122331573206736e+01
2.730000000000000000e+02	-1.406506626981426678e+02
2.760000000000000000e+02	1.048042142511446144e+02
2.780000000000000000e+02	-4.087655490049800022e+01
2.800000000000000000e+02	-6.803583828612592299e+01
2.820000000000000000e+02	1.004285421263148095e+02
2.840000000000000000e+02	-2.744503955708693752e+02
2.850000000000000000e+02	1.395842710567071663e+02
2.860000000000000000e+02	1.694922487927119548e+01
2.870000000000000000e+02	-4.563980273784862618e+01
2.880000000000000000e+02	1.900967979730470248e+01
2.890000000000000000e+02	3.915762155911676246e+01
2.910000000000000000e+02	-4.077418283979897495e+01
2.930000000000000000e+02	-5.710579944363652061e+01
2.960000000000000000e+02	-3.785709533813383842e+01
2.970000000000000000e+02	-2.453110598031382210e+02
2.990000000000000000e+02	-1.396453687234575511e+02
3.010000000000000000e+02	1.719679171828817914e+02
3.020000000000000000e+02	1.227548957277875985e+02
3.030000000000000000e+02	-1.474416667184346466e+02
3.040000000000000000e+02	4.164919955646125231e+02
3.050000000000000000e+02	-8.260279553489704085e+01
3.100000000000000000e+02	6.348706905707494030e+01
3.110000000000000000e+02	-7.920334381324346396e+01
3.130000000000000000e+02	1.827439607562311608e+01
3.140000000000000000e+02	1.088384043683436744e+02
3.150000000000000000e+02	1.221915840444682715e+02
3.160000000000000000e+02	-4.901464523511405957e+01
3.170000000000000000e+02	-5.179420153014302741e+01
3.180000000000000000e+02	1.947297084837929901e+02
3.190000000000000000e+02	-2.695172126074296060e+01
3.200000000000000000e+02	-1.562793302931634116e+02
3.210000000000000000e+02	-3.391140067791986894e+02
3.220000000000000000e+02	-7.577896320957087539e+01
3.230000000000000000e+02	-3.660550805662675344e+01
3.250000000000000000e+02	-2.154403205159537720e+02
3.260000000000000000e+02	2.632401733062819815e+01
3.270000000000000000e+02	7.607182364745406744e+01
3.280000000000000000e+02	2.979580244590696907e+02
3.290000000000000000e+02	-3.270120944466195851e+02
3.300000000000000000e+02	-3.465870930183666587e+02
3.310000000000000000e+02	-6.833273816383504595e+01
3.330000000000000000e+02	6.781296801724160161e+01
3.350000000000000000e+02	-9.744845503071873338e+01
3.360000000000000000e+02	1.672474549830036494e+02
3.370000000000000000e+02	-1.218866708270879968e+02
3.380000000000000000e+02	1.234706833435757112e+01
3.390000000000000000e+02	1.514666946849597196e+02
3.400000000000000000e+02	7.284376633667437773e+01
3.410000000000000000e+02	-1.014539491816173644e+01
3.420000000000000000e+02	-1.542766346934170940e+01
3.430000000000000000e+02	-6.818336275441433258e+01
3.440000000000000000e+02	-2.291363235132094900e+01
3.450000000000000000e+02	-4.442816585186249512e+01
3.470000000000000000e+02	1.817316956492187330e-01
3.480000000000000000e+02	-3.627256439246666559e+02
3.500000000000000000e+02	-5.315992363411778143e+01
3.510000000000000000e+02	-8.480214373727001487e+00
3.520000000000000000e+02	-1.767127118697774790e+01
3.530000000000000000e+02	-3.053171461923858487e+01
3.540000000000000000e+02	-4.283930571103694263e+01
3.550000000000000000e+02	-1.768223049407382916e+02
3.570000000000000000e+02	-5.323913235520271314e+01
3.580000000000000000e+02	-1.681837916742690311e+02
3.600000000000000000e+02	-1.790309198026536919e+01
3.620000000000000000e+02	1.344221944190521256e+01
3.640000000000000000e+02	-1.540571748480029513e+01
3.670000000000000000e+02	-4.093075143036188734e+01
3.680000000000000000e+02	3.627731664527102851e+01
3.700000000000000000e+02	-1.983001360966786990e+02
3.720000000000000000e+02	-1.427720156152774109e+02
3.740000000000000000e+02	-1.260187468207094383e+02
3.770000000000000000e+02	-2.131370775259381105e+02
3.790000000000000000e+02	1.168071555088080942e+02
3.800000000000000000e+02	9.066720945232762574e+01
3.820000000000000000e+02	4.558609110865612102e-02
3.830000000000000000e+02	2.019874004534336365e+01
3.850000000000000000e+02	-2.378274399402747576e+02
3.860000000000000000e+02	-1.980464372663079331e+01
3.870000000000000000e+02	-7.494300038964105681e+01
3.880000000000000000e+02	1.110704123206655680e+02
3.890000000000000000e+02	1.798926101975988274e+02
3.900000000000000000e+02	-1.376140255472325968e+01
3.910000000000000000e+02	-5.937603818230820707e+01
3.920000000000000000e+02	-8.551994471263057562e+01
3.940000000000000000e+02	-2.839858233133791146e+02
3.950000000000000000e+02	-1.412134987855129111e+02
3.960000000000000000e+02	-3.937347399806925523e+02
3.970000000000000000e+02	-3.360636843711242250e+01
4.030000000000000000e+02	-6.332256664078318664e+01
4.040000000000000000e+02	4.147328585392239830e+01
4.070000000000000000e+02	-3.569159486799957222e+02
4.080000000000000000e+02	-9.324037277705296844e+01
4.090000000000000000e+02	-1.353319285836045935e+02
4.100000000000000000e+02	-1.033025193386824370e+01
4.110000000000000000e+02	-7.367468808586735918e+00
4.150000000000000000e+02	-7.928995662456748050e+01
4.160000000000000000e+02	-2.492166760838133754e+01
4.180000000000000000e+02	1.181133851871704543e+01
4.200000000000000000e+02	5.733862077016226522e+02
4.220000000000000000e+02	-8.109028914806502542e+01
4.230000000000000000e+02	-1.405693636210468185e+02
4.240000000000000000e+02	-3.652619671035719051e+01
4.250000000000000000e+02	-6.395385029195911386e+01
4.280000000000000000e+02	-3.763729077030423920e+00
4.300000000000000000e+02	6.039444137217749642e+01
4.310000000000000000e+02	-1.379484431466230490e+02
4.320000000000000000e+02	-1.747011181060589422e+02
4.330000000000000000e+02	-1.165032502038654201e+02
4.340000000000000000e+02	-1.296492443377494475e+01
4.360000000000000000e+02	-3.238536076474400716e+01
4.370000000000000000e+02	-4.161330317049478822e+01
4.390000000000000000e+02	-1.181142803107687484e+02
4.400000000000000000e+02	-8.289980636379775447e+00
4.410000000000000000e+02	-6.215785476486934868e+01
4.420000000000000000e+02	1.617229413218842993e+01
4.460000000000000000e+02	8.784732802955327102e+00
4.470000000000000000e+02	-7.957505391771454129e+01
4.480000000000000000e+02	-3.841774296480659245e+01
4.490000000000000000e+02	-3.072238758370576051e+01
4.520000000000000000e+02	8.802954461378254791e+01
4.530000000000000000e+02	-1.695329721343950951e+02
4.560000000000000000e+02	-1.077580765891389802e+01
4.570000000000000000e+02	-2.895238786788101315e+00
4.590000000000000000e+02	-7.733870175563576765e+01
4.600000000000000000e+02	7.079252640472211588e+00
4.620000000000000000e+02	-6.395530160029824174e+01
4.630000000000000000e+02	3.811719525986092094e+02
4.640000000000000000e+02	5.051251358550576942e-01
4.660000000000000000e+02	-1.306900265184438297e+02
4.670000000000000000e+02	1.854583403018730792e+01
4.700000000000000000e+02	-8.457871338638568659e+01
4.720000000000000000e+02	-1.072755635161061889e+02
4.730000000000000000e+02	4.671862377553008372e+01
4.740000000000000000e+02	-2.306400364118707103e+01
4.750000000000000000e+02	-4.370570528395681009e+01
4.760000000000000000e+02	-3.396883596516460102e+01
4.770000000000000000e+02	-2.685233290937548531e+02
4.790000000000000000e+02	1.680445459999118043e+02
4.800000000000000000e+02	-2.118921461804352901e+01
4.810000000000000000e+02	-1.359124201043038216e+00
4.820000000000000000e+02	-2.415399946910507367e+01
4.830000000000000000e+02	1.101819619136303032e+02
4.840000000000000000e+02	-2.109962433671774420e+02
4.890000000000000000e+02	-9.191691321365981437e+00
4.900000000000000000e+02	-7.877577897576200883e+01
4.910000000000000000e+02	6.737929265148075331e+00
4.930000000000000000e+02	-3.177314267896639421e+01
4.950000000000000000e+02	1.965260515554575136e+02
4.960000000000000000e+02	-2.382964738625881651e+01
4.970000000000000000e+02	-1.124949612975549371e+02
4.990000000000000000e+02	-1.130363871874444186e+02
5.010000000000000000e+02	9.697158346939016837e+01
5.030000000000000000e+02	-2.267023476492056773e+02
5.040000000000000000e+02	-2.407987090842531686e+01
5.050000000000000000e+02	2.392754980472045290e+01
5.060000000000000000e+02	-1.198274635430703796e+02
5.080000000000000000e+02	-6.125995284652694828e+00
5.090000000000000000e+02	3.348516492333818633e+02
5.100000000000000000e+02	1.147949909424403003e+01
5.110000000000000000e+02	-2.485810153487753382e+02
5.130000000000000000e+02	-2.637959545110600743e+02
5.140000000000000000e+02	1.375100974744694504e+01
5.150000000000000000e+02	-1.057040501244323423e+02
5.160000000000000000e+02	2.696733368081978455e+01
5.190000000000000000e+02	-6.036860018120020044e+01
5.200000000000000000e+02	-6.212411375456044738e+01
5.210000000000000000e+02	-1.984593012402882550e+02
5.220000000000000000e+02	-1.888630288097779797e+01
5.230000000000000000e+02	2.064171852080982319e+02
5.240000000000000000e+02	-1.062381099061458940e+02
5.250000000000000000e+02	-7.830808281187541020e+00
5.260000000000000000e+02	2.678553774871351578e+01
5.280000000000000000e+02	3.898118352474081405e+01
5.290000000000000000e+02	-2.058870996552962254e+02
5.300000000000000000e+02	1.614794581005548366e+02
5.310000000000000000e+02	-1.085565528181041799e+02
5.340000000000000000e+02	-1.886784027588162473e+02
5.350000000000000000e+02	-1.088063013209502827e+02
5.360000000000000000e+02	2.144168776765860116e+02
5.380000000000000000e+02	-9.981373064632453662e+00
5.390000000000000000e+02	-1.838594776215451816e+02
5.400000000000000000e+02	-3.206735763088607882e+01
5.410000000000000000e+02	1.041980414182214432e+01
5.430000000000000000e+02	2.712491987458231435e+01
5.470000000000000000e+02	4.271745540508682382e+01
5.490000000000000000e+02	-3.768440906039450766e+01
5.510000000000000000e+02	-3.911704867463838831e+00
5.550000000000000000e+02	8.852027837740239136e+01
5.560000000000000000e+02	1.467686042078157627e+01
5.570000000000000000e+02	1.391679871876833019e+01
5.580000000000000000e+02	-1.232897408068743061e+02
5.590000000000000000e+02	-1.621007152218871816e+00
5.600000000000000000e+02	2.429886669907342522e+01
5.610000000000000000e+02	-7.605235945209577153e+01
5.620000000000000000e+02	4.413517315334878788e+01
5.630000000000000000e+02	-1.966212299278985256e+02
5.650000000000000000e+02	-3.718385293842187878e+01
5.670000000000000000e+02	1.294128113996764995e+01
5.700000000000000000e+02	-8.354058121175636131e+01
5.720000000000000000e+02	-1.504047396674084496e+02
5.730000000000000000e+02	-7.810416795115503241e+00
5.740000000000000000e+02	-2.572676587224800073e+02
5.800000000000000000e+02	3.872100192831109666e+01
5.810000000000000000e+02	-1.252232675164184172e+01
5.830000000000000000e+02	6.995498857050446873e+01
5.850000000000000000e+02	-5.605271360041773931e+01
5.870000000000000000e+02	-9.152336369295633745e+01
5.880000000000000000e+02	2.882555429678596237e+00
5.900000000000000000e+02	-2.368079653252469186e+01
5.910000000000000000e+02	5.149472785216958926e+01
5.920000000000000000e+02	-7.515857371312966961e+01
5.930000000000000000e+02	1.711111436532531513e+02
5.940000000000000000e+02	6.938013705888582905e+00
5.960000000000000000e+02	9.428441491765951810e+01
5.970000000000000000e+02	-2.999119251043839540e+02
5.980000000000000000e+02	-1.668235098362415556e+02
6.010000000000000000e+02	-7.041670273425941673e+01
6.020000000000000000e+02	-1.272864311939310937e+02
6.040000000000000000e+02	-7.371253316518348697e+01
6.060000000000000000e+02	-6.051287395932166646e+01
6.070000000000000000e+02	-2.363920685233405834e+02
6.080000000000000000e+02	-6.079499974595800893e+01
6.120000000000000000e+02	-1.718482686439887663e+00
6.140000000000000000e+02	-6.467292207076593513e+01
6.170000000000000000e+02	-7.414060852161175319e+01
6.190000000000000000e+02	-1.172426252487465916e+02
6.200000000000000000e+02	-4.249180047378493441e+01
6.210000000000000000e+02	5.291289083689268580e+01
6.220000000000000000e+02	-1.125749337709949600e+02
6.230000000000000000e+02	-3.906421696682529188e+01
6.240000000000000000e+02	-5.106853331075580371e+01
6.250000000000000000e+02	-5.360036630824214399e+01
6.260000000000000000e+02	8.655458133258886733e+01
6.270000000000000000e+02	1.566651621481922518e+02
6.280000000000000000e+02	-6.547258184262777547e+01
6.350000000000000000e+02	-8.410491910598770460e+01
6.360000000000000000e+02	-1.622886260880516929e+01
6.370000000000000000e+02	-6.677637913853347129e+01
6.380000000000000000e+02	-5.258781054057722670e+00
6.420000000000000000e+02	1.911075003130772245e+02
6.430000000000000000e+02	-5.671845294888154143e+01
6.450000000000000000e+02	-7.817875439603622567e+01
6.470000000000000000e+02	6.089937919730879656e+01
6.490000000000000000e+02	-5.119222575217514049e+01
6.500000000000000000e+02	7.725873923459163350e+00
6.510000000000000000e+02	-4.533680208457017274e-02
6.520000000000000000e+02	6.135982005179964460e+01
6.530000000000000000e+02	8.840229853203801724e+01
6.540000000000000000e+02	-2.414771815521043408e+01
6.560000000000000000e+02	-2.034002434479341446e+02
6.580000000000000000e+02	-2.336574580915921615e+02
6.590000000000000000e+02	-1.424970256541762978e+02
6.630000000000000000e+02	-6.932049051884716562e+01
6.670000000000000000e+02	-5.486228360210809996e+01
6.680000000000000000e+02	-5.411594997078297808e+01
6.690000000000000000e+02	-1.239543196738152346e+02
6.700000000000000000e+02	2.890624603839079754e+01
6.710000000000000000e+02	-4.694011300007436915e+01
6.720000000000000000e+02	-2.421842580650325161e+01
6.730000000000000000e+02	-9.638820426044640044e+01
6.740000000000000000e+02	4.057779000628232069e+01
6.750000000000000000e+02	-4.021206394317513855e+02
6.760000000000000000e+02	1.764347925336019074e+01
6.770000000000000000e+02	-9.097040592399005732e+01
6.800000000000000000e+02	1.406860698314444846e+02
6.820000000000000000e+02	6.468979377207113579e+00
6.830000000000000000e+02	-7.555544998013442637e+02
6.840000000000000000e+02	1.210536601121367717e+01
6.850000000000000000e+02	-2.055373320404043724e+01
6.860000000000000000e+02	-7.789796699396958957e+00
6.880000000000000000e+02	-1.720466767366510510e+02
6.890000000000000000e+02	-3.862879250092836969e+02
6.900000000000000000e+02	-1.856226545158097485e+00
6.910000000000000000e+02	3.299879284461515567e+02
6.930000000000000000e+02	-2.493237294446549583e+02
6.940000000000000000e+02	1.174785258417984437e+02
6.950000000000000000e+02	-4.374621102300460507e+01
6.960000000000000000e+02	-3.266091227611141790e+01
6.970000000000000000e+02	1.258978411553826646e+02
6.990000000000000000e+02	1.996402202155926773e+02
7.010000000000000000e+02	-3.229971058458468178e+02
7.020000000000000000e+02	-5.633278822470634850e+01
7.030000000000000000e+02	1.418349978007894840e+01
7.050000000000000000e+02	-2.116904414693903647e+01
7.090000000000000000e+02	-9.289515011873443484e+01
7.130000000000000000e+02	3.861915381082307164e+01
7.140000000000000000e+02	2.711180712892855738e+01
7.200000000000000000e+02	4.276822483348176007e+01
7.210000000000000000e+02	1.364159002591291880e+02
7.220000000000000000e+02	-1.550310902916642419e+02
7.250000000000000000e+02	-7.645416713572758738e+01
7.260000000000000000e+02	-2.439765271677875660e+02
7.270000000000000000e+02	-1.700371850174794019e+02
7.280000000000000000e+02	-1.085742203985472258e+02
7.290000000000000000e+02	-7.260743885118139929e+01
7.300000000000000000e+02	-2.819617634354382858e+02
7.310000000000000000e+02	-1.856447274247538246e+02
7.320000000000000000e+02	6.820658645786159546e+00
7.350000000000000000e+02	-7.968798010487603278e+01
7.370000000000000000e+02	-1.304141655775192703e+02
7.380000000000000000e+02	-1.290725202348732914e+01
7.390000000000000000e+02	-2.043009259294748858e+02
7.400000000000000000e+02	-2.073422262762134380e+02
7.410000000000000000e+02	-8.466764919446096371e+01
7.420000000000000000e+02	-2.032898641796289496e+02
7.430000000000000000e+02	-2.692942582328623047e+00
7.440000000000000000e+02	-3.922903311616479982e+02
7.450000000000000000e+02	-6.446540246291119729e+02
7.470000000000000000e+02	2.879307530970046969e+02
7.500000000000000000e+02	-1.542247008104698125e+01
7.510000000000000000e+02	-1.990014311520651518e+02
7.530000000000000000e+02	9.399763416975785901e+01
7.540000000000000000e+02	-1.483960572691178186e+02
7.550000000000000000e+02	-1.799061775435241657e+02
7.560000000000000000e+02	-4.300780774463356693e+01
7.590000000000000000e+02	-4.574271743120861089e+01
7.600000000000000000e+02	3.375540438076486538e+01
7.610000000000000000e+02	1.098857350623505447e+01
7.620000000000000000e+02	-4.754506731679343545e+01
7.630000000000000000e+02	-3.404093990242853351e+01
7.650000000000000000e+02	-2.429025430193791522e+02
7.660000000000000000e+02	6.771270164116253909e+01
7.670000000000000000e+02	-3.047696989932966005e+01
7.680000000000000000e+02	-1.884103212235179399e+02
7.690000000000000000e+02	-3.953368435632587108e+01
7.700000000000000000e+02	-2.909406839470858941e+01
7.730000000000000000e+02	1.152207272010410399e+01
7.800000000000000000e+02	-5.002537509385096826e+01
7.820000000000000000e+02	9.008512315807092108e+00
7.840000000000000000e+02	-1.650310391233474832e+02
7.850000000000000000e+02	-2.872075916421162134e+01
7.860000000000000000e+02	2.138200361419820013e+02
7.880000000000000000e+02	-3.985756433843454261e+01
7.890000000000000000e+02	1.193886128506067195e+02
7.900000000000000000e+02	-3.120258033438129246e+02
7.940000000000000000e+02	-2.347997596926528274e+02
7.960000000000000000e+02	-3.392522205324463158e+01
7.970000000000000000e+02	-1.227808902647251443e+02
7.980000000000000000e+02	-2.015083361444649768e+02
8.000000000000000000e+02	2.686839998032859889e+00
8.020000000000000000e+02	1.092371435890631943e+02
8.030000000000000000e+02	-5.929973641058843015e+01
8.040000000000000000e+02	-1.261743065944979918e+02
8.050000000000000000e+02	4.067293096821961029e+01
8.060000000000000000e+02	-6.775054860769050435e+01
8.070000000000000000e+02	6.243406263272815693e+01
8.080000000000000000e+02	-8.284753794741350248e+02
8.090000000000000000e+02	-1.150508183331297971e+02
8.100000000000000000e+02	-1.160090031389035090e+02
8.110000000000000000e+02	1.208571148468327294e+02
8.120000000000000000e+02	1.228478000889868582e+02
8.130000000000000000e+02	-8.778748666038002568e+01
8.140000000000000000e+02	-1.187769524583579397e+02
8.150000000000000000e+02	-4.076110467270792128e+02
8.170000000000000000e+02	-4.720419458408282054e+01
8.190000000000000000e+02	-8.462044778605445572e+01
8.210000000000000000e+02	8.073284909590823233e+00
8.220000000000000000e+02	-1.428805655318156198e+01
8.230000000000000000e+02	-1.180617145831023294e+02
8.240000000000000000e+02	-6.147377413369646604e+01
8.250000000000000000e+02	-3.481773795971271284e+02
8.260000000000000000e+02	4.022082115258783119e+01
8.280000000000000000e+02	1.518413985410080436e+01
8.290000000000000000e+02	3.029194427660175393e+01
8.310000000000000000e+02	-3.053266256202267073e+02
8.320000000000000000e+02	1.762159242664776926e+01
8.330000000000000000e+02	1.346077786076528753e+02
8.340000000000000000e+02	3.459560074032121690e+01
8.350000000000000000e+02	6.214049051365108767e+01
8.360000000000000000e+02	-2.605911695534206629e+01
8.370000000000000000e+02	1.131579780114930998e+02
8.380000000000000000e+02	3.142455391188166800e+02
8.390000000000000000e+02	-1.579051270661551882e+02
8.420000000000000000e+02	2.388444351466492321e+01
8.440000000000000000e+02	-2.222676863699045668e+02
8.450000000000000000e+02	-4.015141830732686401e+01
8.460000000000000000e+02	2.421889984035557219e+01
8.470000000000000000e+02	-2.673294278997990503e+01
8.480000000000000000e+02	-9.445368310002284318e+01
8.490000000000000000e+02	-2.424859712090498221e+00
8.500000000000000000e+02	-1.030328408442733235e+02
8.510000000000000000e+02	-4.333813918230413265e+01
8.520000000000000000e+02	-8.123928581666159232e+01
8.530000000000000000e+02	6.548249896920431468e+01
8.560000000000000000e+02	-2.292132641364772212e+02
8.570000000000000000e+02	6.959098539750377732e+00
8.580000000000000000e+02	2.907035018509362772e+02
8.600000000000000000e+02	6.399775738210819043e+01
8.610000000000000000e+02	-3.256590680287324631e+02
8.620000000000000000e+02	-4.943740479128585719e+01
8.630000000000000000e+02	-5.128380920209384897e+01
8.650000000000000000e+02	-6.710808580578999738e+01
8.670000000000000000e+02	-2.424420914953991968e+01
8.680000000000000000e+02	-5.964562855596545177e+01
8.690000000000000000e+02	-1.705360373538852627e+02
8.710000000000000000e+02	-1.706956406274906897e+02
8.740000000000000000e+02	9.727247369024820500e+01
8.750000000000000000e+02	-2.607578974767215385e+01
8.790000000000000000e+02	-1.116497159436744653e+02
8.800000000000000000e+02	-1.259238211471202504e+02
8.810000000000000000e+02	-8.076933702821507666e+01
8.830000000000000000e+02	3.006597478342164820e+01
8.840000000000000000e+02	-7.079261429242112058e+01
8.850000000000000000e+02	-6.152059997979404393e+00
8.860000000000000000e+02	-2.297749751510336580e+01
8.870000000000000000e+02	-8.299343479794410783e+00
8.880000000000000000e+02	-1.969803019321074942e+02
8.900000000000000000e+02	-3.319064383643490146e+01
8.910000000000000000e+02	7.651536178721826786e+01
8.920000000000000000e+02	-7.841916631857333186e+01
8.950000000000000000e+02	-1.600088230120052799e+02
8.960000000000000000e+02	-8.915784767458763582e+00
9.000000000000000000e+02	-1.729200972167296300e+02
9.010000000000000000e+02	1.043677823635908055e+02
9.020000000000000000e+02	3.210012076793051961e+02
9.030000000000000000e+02	2.483405909210625850e+02
9.040000000000000000e+02	3.918527964958225596e+01
9.050000000000000000e+02	-3.883691683288802778e+02
9.060000000000000000e+02	-1.137193973744479081e+02
9.070000000000000000e+02	-2.160612241846525095e+01
9.090000000000000000e+02	-1.319053976278815298e+03
9.110000000000000000e+02	-3.638514737188620529e+01
9.120000000000000000e+02	-1.602143172760196705e+02
9.130000000000000000e+02	2.090543482086804161e+01
9.140000000000000000e+02	9.912790122899252765e+01
9.160000000000000000e+02	-7.243662821331471946e+01
9.170000000000000000e+02	4.335479824378069225e+01
9.180000000000000000e+02	-7.061497015154456847e+01
9.190000000000000000e+02	-2.170856243194874367e+02
9.200000000000000000e+02	1.294877071993091810e+01
9.210000000000000000e+02	-7.892880057428502960e-02
9.220000000000000000e+02	-6.708938058580233132e+01
9.240000000000000000e+02	-2.007205297631973622e+02
9.250000000000000000e+02	1.815709201167563265e+02
9.260000000000000000e+02	-3.078440446104227135e+01
9.270000000000000000e+02	-9.297722485362156419e+01
9.280000000000000000e+02	1.396604626084707057e+01
9.290000000000000000e+02	6.761187105811235654e+01
9.300000000000000000e+02	-1.336407625913508923e+01
9.330000000000000000e+02	3.393784820382418275e+02
9.340000000000000000e+02	6.976268063038023115e+01
9.370000000000000000e+02	-2.568785878420946460e+02
9.380000000000000000e+02	-1.906708281779940819e+02
9.420000000000000000e+02	-2.086831512792143144e+02
9.440000000000000000e+02	-2.653910828264574207e+02
9.470000000000000000e+02	3.667987432888089927e+01
9.480000000000000000e+02	-2.272625067621656925e+01
9.490000000000000000e+02	8.384427133498653006e+01
9.500000000000000000e+02	-3.879744883506007369e+01
9.510000000000000000e+02	-9.043721619052554672e+01
9.520000000000000000e+02	-1.554640979395450131e+02
9.530000000000000000e+02	7.046515683956901910e+01
9.540000000000000000e+02	-3.766771201475518183e+01
9.550000000000000000e+02	-2.351328240846065398e+01
9.570000000000000000e+02	-6.755733116308402941e+01
9.580000000000000000e+02	-1.321002360879351158e+02
9.600000000000000000e+02	2.280798755438656045e+01
9.610000000000000000e+02	-5.593765327392462439e+01
9.640000000000000000e+02	-9.808216572601133976e+01
9.650000000000000000e+02	-1.453331110891553806e+02
9.680000000000000000e+02	1.280642846812193341e+02
9.700000000000000000e+02	-1.470145678230139197e+01
9.720000000000000000e+02	-4.182614641201148942e+01
9.730000000000000000e+02	3.262457453278448583e+01
9.740000000000000000e+02	-4.416292325917418680e+02
9.750000000000000000e+02	-1.658290441556174528e+02
9.760000000000000000e+02	-1.798301317546173550e+02
9.790000000000000000e+02	-4.475523540036260961e+00
9.800000000000000000e+02	-2.261879199087460890e+01
9.810000000000000000e+02	-1.163884711437524828e+02
9.850000000000000000e+02	-1.652282402170625630e+02
9.860000000000000000e+02	-3.831651611786198828e+02
9.870000000000000000e+02	3.478619920805730459e+01
9.880000000000000000e+02	8.395854156925302902e+00
9.890000000000000000e+02	-2.830550286285231820e+01
9.900000000000000000e+02	-7.309427614968681652e+00
9.910000000000000000e+02	-9.068905211935353350e+01
9.920000000000000000e+02	-5.107484328002790619e+00
9.930000000000000000e+02	-1.414448272940969389e+02
1.001000000000000000e+03	-6.668034655672580868e+01
1.002000000000000000e+03	-1.819274911028867905e+02
1.003000000000000000e+03	-2.003027521630971250e+02
1.004000000000000000e+03	-4.849052008362221500e+01
1.005000000000000000e+03	-3.927458417022168646e+01
1.006000000000000000e+03	-4.866693460472047263e+02
1.007000000000000000e+03	-8.260559918982318095e+01
1.008000000000000000e+03	-6.539919413712442520e+01
1.009000000000000000e+03	-4.210715489922846189e+01
1.011000000000000000e+03	-1.542251818984362366e+01
1.012000000000000000e+03	4.289062574450643694e+01
1.013000000000000000e+03	-8.247378045360154886e+01
1.015000000000000000e+03	-7.658978384182785248e+01
1.017000000000000000e+03	-9.573470505437668976e+01
1.019000000000000000e+03	-2.065285005386005537e+02
1.022000000000000000e+03	-1.090235609461496438e+02
1.024000000000000000e+03	-1.321894654255475743e+01
1.026000000000000000e+03	4.606851945228450518e+01
1.027000000000000000e+03	2.545051176386796854e+01
1.029000000000000000e+03	1.089074686257179962e+02
1.030000000000000000e+03	-1.075301020970390731e+01
1.031000000000000000e+03	-9.998705595648200983e+01
1.032000000000000000e+03	-3.920233235878841924e+02
1.035000000000000000e+03	-3.632285396881226802e+01
1.037000000000000000e+03	-1.027908768240980919e+02
1.039000000000000000e+03	-9.341196664333934052e+01
1.042000000000000000e+03	-4.669124399432905648e+01
1.043000000000000000e+03	1.096359452272693424e+01
1.046000000000000000e+03	-3.727380501057892559e+01
1.047000000000000000e+03	1.578656011814545934e+02
1.048000000000000000e+03	1.487431361773578820e+00
1.049000000000000000e+03	-5.705654190488242250e+01
1.050000000000000000e+03	-8.761834746642996663e+01
1.051000000000000000e+03	1.193530630353156496e+01
1.052000000000000000e+03	-6.577598152383752961e+01
1.054000000000000000e+03	4.376839755983215952e+01
1.056000000000000000e+03	-3.303216029343805360e+01
1.057000000000000000e+03	-1.690512380537866477e+02
1.058000000000000000e+03	-4.602950947805294390e+02
1.059000000000000000e+03	2.244207480123581178e+01
1.060000000000000000e+03	-1.606168389917176569e+02
1.062000000000000000e+03	4.099324867493381248e+02
1.066000000000000000e+03	7.198333690199240209e+01
1.067000000000000000e+03	-4.901718035316397248e+01
1.068000000000000000e+03	-1.523699072736581854e+02
1.070000000000000000e+03	-1.275178588705547433e+01
1.075000000000000000e+03	3.837191262232259703e+01
1.076000000000000000e+03	2.174245828865545889e+02
1.077000000000000000e+03	8.796892537484843899e+01
1.078000000000000000e+03	-3.845051409979448636e+02
1.079000000000000000e+03	-1.223153850799298823e+02
1.081000000000000000e+03	-1.071541001481566582e+02
1.084000000000000000e+03	-1.352241313446382598e-01
1.085000000000000000e+03	-1.756825754630610845e+02
1.089000000000000000e+03	-1.655963108505415846e+02
1.090000000000000000e+03	1.546597592244763142e+01
1.091000000000000000e+03	8.919892017221489766e+01
1.092000000000000000e+03	-1.494568486740180617e+02
1.093000000000000000e+03	7.970573345376975283e+01
1.097000000000000000e+03	-1.628358796164594366e+02
1.102000000000000000e+03	-5.320425582848958612e+01
1.103000000000000000e+03	-2.615543657029343194e+02
1.104000000000000000e+03	-7.815442900360514500e+01
1.106000000000000000e+03	-1.207352914299216273e+01
1.107000000000000000e+03	-2.266758746714448876e+02
1.108000000000000000e+03	-1.829106459075740929e+02
1.109000000000000000e+03	-2.374758179591904650e+01
1.110000000000000000e+03	-1.836756597684212622e+01
1.111000000000000000e+03	-5.909122102968297874e+00
1.112000000000000000e+03	8.685149357875555154e+01
1.113000000000000000e+03	-2.834349249287993544e+01
1.114000000000000000e+03	1.206951141193083288e+02
1.115000000000000000e+03	-7.375458531476891721e+01
1.116000000000000000e+03	4.053820797007698502e+02
1.118000000000000000e+03	8.261387525226626849e+01
1.120000000000000000e+03	-4.300886460349086349e+01
1.122000000000000000e+03	-5.038965384250852253e+01
1.123000000000000000e+03	6.889225836360574817e+01
1.124000000000000000e+03	1.099246846029957112e+02
1.125000000000000000e+03	-5.263658078011482644e+01
1.126000000000000000e+03	-1.585378591896004536e+02
1.129000000000000000e+03	-1.448404488391973359e+02
1.130000000000000000e+03	-4.435918209390959710e+00
1.132000000000000000e+03	1.312310526762828431e+02
1.133000000000000000e+03	-2.212425931464232320e+01
1.134000000000000000e+03	-7.491141092547506730e+01
1.135000000000000000e+03	-9.258543318075447814e+01
1.136000000000000000e+03	-6.929168958328743599e+01
1.137000000000000000e+03	-3.080009399278458559e+01
1.138000000000000000e+03	-8.508755895349732157e+01
1.142000000000000000e+03	-2.736748848004313572e+02
1.144000000000000000e+03	-1.013502720397021193e+02
1.147000000000000000e+03	-4.463925004851491281e+02
1.149000000000000000e+03	-1.007159843305808380e+02
1.151000000000000000e+03	-8.801930926566819835e+01
1.152000000000000000e+03	-1.029961483848136936e+02
1.154000000000000000e+03	-2.252691926002941329e+02
1.155000000000000000e+03	-1.367218310457278960e+02
1.156000000000000000e+03	-1.036760774147045083e+02
1.161000000000000000e+03	-9.583865330871513777e+01
1.162000000000000000e+03	2.332600760547502361e+01
1.166000000000000000e+03	-1.027163124348710710e+02
1.168000000000000000e+03	-1.877272065915444443e+01
1.169000000000000000e+03	1.614142412443697481e+02
1.174000000000000000e+03	4.390394497735423229e+00
1.175000000000000000e+03	9.705250875650700948e+01
1.178000000000000000e+03	-2.421547720735994602e+01
1.179000000000000000e+03	-7.391492444894970504e+01
1.181000000000000000e+03	-6.044988734369893812e+00
1.182000000000000000e+03	-1.071425577266976035e+02
1.183000000000000000e+03	-2.982923378543367576e+01
1.184000000000000000e+03	2.750864534390829590e+02
1.187000000000000000e+03	-1.359014494914004842e+02
1.190000000000000000e+03	8.538809368128232791e+01
1.191000000000000000e+03	1.336594825747150495e+01
1.192000000000000000e+03	-7.963941409950450634e+01
1.193000000000000000e+03	1.607164588855113152e+02
1.194000000000000000e+03	-1.747835477089336464e+01
1.196000000000000000e+03	7.983093908254598148e+01
1.197000000000000000e+03	6.150528359168108494e+01
1.198000000000000000e+03	-1.574765673082498552e+02
1.200000000000000000e+03	7.122579845741299209e+00
1.201000000000000000e+03	-1.859519650252832079e+01
1.202000000000000000e+03	-1.191913164221225543e+02
1.203000000000000000e+03	-9.219396750637383775e+01
1.204000000000000000e+03	1.555035829678847215e+01
1.206000000000000000e+03	-4.338007348149645992e+01
1.207000000000000000e+03	-2.032535685375097216e+02
1.208000000000000000e+03	3.373850950721918025e+02
1.211000000000000000e+03	-1.038248975733460355e+02
1.213000000000000000e+03	-2.024028505450652062e+02
1.214000000000000000e+03	2.448728042831303497e+01
1.218000000000000000e+03	-3.941441304828463785e+02
1.220000000000000000e+03	-1.432983722509056861e+02
1.223000000000000000e+03	-1.429408831083993547e+01
1.225000000000000000e+03	-1.053341049319302414e+01
1.226000000000000000e+03	7.364899018825562393e+01
1.227000000000000000e+03	6.839826398542784602e+01
1.228000000000000000e+03	-1.720718644909927662e+02
1.229000000000000000e+03	4.813516227032177852e+01
1.230000000000000000e+03	5.896223919747274067e+02
1.235000000000000000e+03	-1.078588562602777188e+02
1.236000000000000000e+03	-6.267351027999545465e+00
1.237000000000000000e+03	-1.589104721044647874e+02
1.238000000000000000e+03	1.081406468016972724e+02
1.239000000000000000e+03	-1.131341408905267940e+02
1.240000000000000000e+03	-1.087675573481752025e+02
1.241000000000000000e+03	-4.466054251328296232e+01
1.242000000000000000e+03	-1.411559343143051137e+02
1.244000000000000000e+03	-1.905080439564100345e+02
1.245000000000000000e+03	-1.671530765936328322e+01
1.246000000000000000e+03	1.523234330598721158e+02
1.247000000000000000e+03	-1.370912573593186892e+02
1.250000000000000000e+03	-1.073909383466589702e+02
1.252000000000000000e+03	1.553799543157123253e+01
1.254000000000000000e+03	2.127077396800471121e+01
1.255000000000000000e+03	2.863796113730603921e+01
1.256000000000000000e+03	-4.390934845319494428e+01
1.257000000000000000e+03	-1.344860218513510972e+02
1.258000000000000000e+03	-2.355344403161843658e+01
1.259000000000000000e+03	4.652729760337771836e+01
1.260000000000000000e+03	-7.959211368182786828e+01
1.261000000000000000e+03	-3.238730485207506860e+01
1.262000000000000000e+03	-2.101226098719925872e+01
1.263000000000000000e+03	-9.848642875174950007e+01
1.265000000000000000e+03	-6.294005090168948868e+01
1.267000000000000000e+03	-4.222895492705514009e+00
1.269000000000000000e+03	-1.513681051437451117e+02
1.270000000000000000e+03	-2.356161744152095849e+01
1.271000000000000000e+03	-3.308275163034002162e+02
1.272000000000000000e+03	-1.159760897339611851e+01
1.273000000000000000e+03	-3.649574673312790196e+01
1.274000000000000000e+03	-4.898281320159670571e+01
1.276000000000000000e+03	-7.601584952898149083e+01
1.277000000000000000e+03	-8.615936047397136122e+01
1.279000000000000000e+03	-2.315171671228616646e+01
1.281000000000000000e+03	-8.940627559106569322e+01
1.283000000000000000e+03	1.212082138422349402e+02
1.286000000000000000e+03	-2.257594187772964176e+02
1.288000000000000000e+03	1.728122671403160382e+02
1.289000000000000000e+03	-1.504530821954580588e+01
1.292000000000000000e+03	3.652199338796221273e+00
1.294000000000000000e+03	-5.613877561381917047e+01
1.296000000000000000e+03	-1.683642467371762450e+02
1.297000000000000000e+03	-6.455615292497381574e+01
1.298000000000000000e+03	-5.899295883049582017e+02
1.301000000000000000e+03	2.652002642324285020e+01
1.306000000000000000e+03	-1.192819097156589834e+02
1.307000000000000000e+03	-7.870358546538550115e+01
1.308000000000000000e+03	1.251828332412669909e+01
1.310000000000000000e+03	-1.852603908877407832e+02
1.311000000000000000e+03	-1.421049656414236528e+00
1.313000000000000000e+03	3.270921502356467272e+02
1.314000000000000000e+03	-3.352865614354726063e+02
1.316000000000000000e+03	1.809342286714491763e+02
1.318000000000000000e+03	-1.815818071428047915e+02
1.321000000000000000e+03	2.060225236546080794e+02
1.323000000000000000e+03	-8.611665625128664203e+01
1.324000000000000000e+03	7.161041411505152610e+01
1.325000000000000000e+03	1.286782861398830313e+01
1.326000000000000000e+03	-3.717299004632845083e+01
1.327000000000000000e+03	-2.982137840052575370e+02
1.328000000000000000e+03	-3.808181698046082886e+01
1.329000000000000000e+03	-3.019044450770105072e+02
1.330000000000000000e+03	-4.769713319928294482e+01
1.331000000000000000e+03	-1.370570330620299593e-01
1.333000000000000000e+03	-3.755791954451625259e+01
1.336000000000000000e+03	3.657802489488238251e+01
1.337000000000000000e+03	1.199195366766064126e+02
1.338000000000000000e+03	8.194320476813804532e+01
1.339000000000000000e+03	3.149508585510587722e+01
1.341000000000000000e+03	-4.767276302380714981e+01
1.344000000000000000e+03	-1.823504217055654664e+01
1.345000000000000000e+03	-2.545412033244754468e+02
1.346000000000000000e+03	5.087499821863441980e+02
1.347000000000000000e+03	-8.998290029221905684e+01
1.349000000000000000e+03	-5.917279214563134815e+01
1.350000000000000000e+03	-1.617769697721289504e+02
1.353000000000000000e+03	-2.464588118317319498e+01
1.357000000000000000e+03	-2.151929764115746480e+01
1.361000000000000000e+03	-3.966826850331742804e+01
1.362000000000000000e+03	-1.667982583149429843e+01
1.363000000000000000e+03	2.316999079261678105e+02
1.364000000000000000e+03	1.830645084571298931e+00
1.365000000000000000e+03	1.298946874106313265e+00
1.367000000000000000e+03	-1.680735419267769970e+01
1.368000000000000000e+03	-1.533812147643496360e+02
1.370000000000000000e+03	5.046671517928663775e+01
1.373000000000000000e+03	-1.482316395646431673e+01
1.374000000000000000e+03	-1.982528592694132215e+02
1.377000000000000000e+03	2.406624442903036787e+00
1.378000000000000000e+03	-1.221011852925499426e+02
1.379000000000000000e+03	-1.485803156360467767e+02
1.381000000000000000e+03	1.067587414602791540e+02
1.385000000000000000e+03	9.430579151209235533e+01
1.387000000000000000e+03	-1.771495203441193098e+02
1.390000000000000000e+03	-6.539171691932125441e+01
1.392000000000000000e+03	-4.839310790601545875e+01
1.393000000000000000e+03	3.118974270181340103e+02
1.395000000000000000e+03	1.555245481008288522e+01
1.396000000000000000e+03	-8.768500758789301130e+01
1.398000000000000000e+03	2.020526112790772402e+02
1.399000000000000000e+03	-4.039238144393885932e+01
1.401000000000000000e+03	-4.966899332224021890e+01
1.404000000000000000e+03	-2.050055710917566554e+00
1.406000000000000000e+03	-4.414094493857670720e+00
1.407000000000000000e+03	-9.318021552725841161e+01
1.408000000000000000e+03	1.639632514356364368e+01
1.409000000000000000e+03	-3.862262445106027453e+00
1.410000000000000000e+03	9.198714534036244572e+01
1.412000000000000000e+03	9.457423132719890191e+01
1.413000000000000000e+03	-1.438465250124273780e+02
1.417000000000000000e+03	-1.009288218637648384e+02
1.419000000000000000e+03	-5.495057112886480155e+01
1.421000000000000000e+03	2.331949699590784348e+02
1.422000000000000000e+03	2.733486191171591031e+02
1.425000000000000000e+03	-3.491200769373512003e+01
1.426000000000000000e+03	2.976118260985276152e+02
1.429000000000000000e+03	2.400898655124889913e+01
1.432000000000000000e+03	8.548138593714810440e+01
1.433000000000000000e+03	-5.061292636529433508e+01
1.436000000000000000e+03	-9.787551970222267528e+01
1.437000000000000000e+03	-1.918905105678545553e+01
1.438000000000000000e+03	5.392131068352489009e+00
1.439000000000000000e+03	-3.232272798068217412e+02
1.441000000000000000e+03	-9.642314422485137015e+01
1.444000000000000000e+03	-7.624009233609076119e+00
1.445000000000000000e+03	3.781331796740581552e+01
1.446000000000000000e+03	3.120393820856366318e+01
1.447000000000000000e+03	-1.246129587344055381e+02
1.448000000000000000e+03	-5.943815164365437909e+01
1.450000000000000000e+03	-1.408261453798450589e+02
1.451000000000000000e+03	3.331973399202453123e+01
1.452000000000000000e+03	-7.452116038720353686e+01
1.454000000000000000e+03	2.263460876420460863e+02
1.456000000000000000e+03	-1.612543463928753340e+01
1.457000000000000000e+03	-1.519561088743884341e+02
1.460000000000000000e+03	-1.198321764665084999e+01
1.462000000000000000e+03	3.828902549334846839e+01
1.463000000000000000e+03	4.461345820402806339e+01
1.464000000000000000e+03	1.666649932528547762e+00
1.465000000000000000e+03	-1.740465338911529969e+01
1.467000000000000000e+03	-3.170821100852550245e+01
1.468000000000000000e+03	2.841765840491097705e+01
1.469000000000000000e+03	-1.194530525731323394e+02
1.470000000000000000e+03	-2.469129269438488805e+01
1.471000000000000000e+03	4.139639913043009756e+01
1.473000000000000000e+03	-2.862230647145134981e+02
1.474000000000000000e+03	-1.689392305752942605e+02
1.475000000000000000e+03	-7.185559653853620432e+01
1.476000000000000000e+03	-1.604561147776355483e+02
1.477000000000000000e+03	3.447321820319266976e+02
1.479000000000000000e+03	-1.222205067839368553e+01
1.480000000000000000e+03	1.505242828000209165e+01
1.481000000000000000e+03	1.399428366919542839e+02
1.482000000000000000e+03	-6.982450196503825168e+01
1.483000000000000000e+03	-1.575308388720363268e+02
1.484000000000000000e+03	1.787693864236384513e+02
1.485000000000000000e+03	-3.751687412732866278e+01
1.487000000000000000e+03	3.203917442819038541e+01
1.488000000000000000e+03	2.661616033993372525e+02
1.489000000000000000e+03	8.075902524528390813e+01
1.490000000000000000e+03	5.022097593172165197e+00
1.491000000000000000e+03	-3.113110638772521099e+01
1.492000000000000000e+03	-1.681991123803044985e+01
1.494000000000000000e+03	-3.902153712427351024e+02
1.495000000000000000e+03	5.930907478169310743e+00
1.496000000000000000e+03	-3.051271491388063737e+02
1.498000000000000000e+03	-1.089632894265122900e+02
1.499000000000000000e+03	-5.626386783987844353e+01
1.500000000000000000e+03	-2.855786256773673699e+02
1.502000000000000000e+03	-7.262555884006586382e+01
1.503000000000000000e+03	8.851127594320143999e+02
1.505000000000000000e+03	-5.285877956958748882e+02
1.506000000000000000e+03	-3.615904446448690912e+00
1.510000000000000000e+03	-1.077200033674692037e+02
1.511000000000000000e+03	-2.407951457566544207e+02
1.512000000000000000e+03	6.672765682724805458e+01
1.513000000000000000e+03	-2.186172844028344002e+02
1.514000000000000000e+03	2.265813897356695961e+01
1.516000000000000000e+03	-2.308647930871802245e+01
1.518000000000000000e+03	6.638981277764904121e+01
1.519000000000000000e+03	-2.807634713573499425e+02
1.521000000000000000e+03	-1.238993238740368525e+02
1.524000000000000000e+03	2.368171631574374558e+01
1.525000000000000000e+03	-1.254932455976839201e+01
1.527000000000000000e+03	-1.113001945713512875e+01
1.528000000000000000e+03	7.719130978493516260e+00
1.529000000000000000e+03	2.664069788210230172e+02
1.532000000000000000e+03	-4.747662192940065751e+01
1.534000000000000000e+03	6.650172303577031130e+01
1.536000000000000000e+03	1.433968784107564431e+02
1.537000000000000000e+03	-1.035675226498111812e+02
1.538000000000000000e+03	-6.324889102918159551e+02
1.539000000000000000e+03	-5.347073961749360649e+01
1.542000000000000000e+03	4.906898969757338591e+01
1.544000000000000000e+03	-1.272573584285837427e+02
1.545000000000000000e+03	-2.231893953351601212e+01
1.547000000000000000e+03	-6.008602209358883783e+00
1.549000000000000000e+03	-4.058721531427497808e+01
1.550000000000000000e+03	-1.557708697469996082e+02
1.554000000000000000e+03	6.717526392520730383e+01
1.555000000000000000e+03	-2.363660020655650129e+01
1.557000000000000000e+03	-9.011678984074563914e+01
1.558000000000000000e+03	1.350189734209307630e+02
1.559000000000000000e+03	3.313398622400440363e+00
1.560000000000000000e+03	-1.577367713400893123e+01
1.561000000000000000e+03	-2.237140263012773289e+02
1.563000000000000000e+03	-2.789785448531473548e+02
1.564000000000000000e+03	-5.348873554854095858e+01
1.565000000000000000e+03	9.698146354838232241e+01
1.566000000000000000e+03	-2.874904335542486251e+02
1.568000000000000000e+03	2.007113806224646524e+01
1.569000000000000000e+03	-4.145085998180582720e+01
1.570000000000000000e+03	-1.025036459823321451e+02
1.571000000000000000e+03	6.880537997801716266e+00
1.572000000000000000e+03	-5.403671650511147106e+01
1.573000000000000000e+03	-3.080799835106305551e+01
1.576000000000000000e+03	-1.157687857902868700e+01
1.577000000000000000e+03	-5.637166610477270012e+01
1.578000000000000000e+03	-2.675163288067796543e+02
1.581000000000000000e+03	-1.445565850165646907e+03
1.583000000000000000e+03	6.552419412214544536e+01
1.585000000000000000e+03	6.119989452395976315e+01
1.587000000000000000e+03	-1.693694377958176034e+01
1.592000000000000000e+03	1.962389511314372896e+02
1.594000000000000000e+03	-1.030932963002264380e+01
1.596000000000000000e+03	-1.962153776010518413e+02
1.597000000000000000e+03	-3.220407938198163720e+02
1.598000000000000000e+03	2.840576516185576494e+01
1.599000000000000000e+03	-9.642419570820527497e+01
1.600000000000000000e+03	-1.259236680907888513e+02
1.604000000000000000e+03	-2.203067568130001774e+01
1.605000000000000000e+03	-5.989681828352467363e+01
1.608000000000000000e+03	-8.312863725660999137e+01
1.609000000000000000e+03	-2.866072734061241079e+01
1.611000000000000000e+03	2.116677813595160842e+02
1.612000000000000000e+03	1.417357317604175648e+02
1.613000000000000000e+03	-9.578154218107385987e+01
1.614000000000000000e+03	-3.719546209927182190e+01
1.616000000000000000e+03	-2.122881579266027643e+02
1.617000000000000000e+03	1.983262852720958591e+01
1.618000000000000000e+03	4.423464296318238809e+01
1.619000000000000000e+03	7.898287082242624102e+00
1.620000000000000000e+03	-6.419868513215441226e+02
1.622000000000000000e+03	-2.065588201795197065e+01
1.623000000000000000e+03	-9.905049344715359894e+01
1.625000000000000000e+03	-1.401173982965972584e+02
1.627000000000000000e+03	5.520417996266611738e+01
1.628000000000000000e+03	3.242585875629824841e+02
1.629000000000000000e+03	-3.940522788066203219e+01
1.632000000000000000e+03	1.740698044953356600e+02
1.633000000000000000e+03	-3.527758634725958586e+01
1.634000000000000000e+03	7.115075575654605018e+02
1.635000000000000000e+03	3.755362285009195489e+02
1.636000000000000000e+03	1.254490300940540060e+01
1.637000000000000000e+03	-5.065081597460871876e+01
1.640000000000000000e+03	7.836665881140937984e+01
1.641000000000000000e+03	1.888772053244886706e+01
1.642000000000000000e+03	-6.767214760604528578e+01
1.643000000000000000e+03	-1.539089320046054183e+02
1.645000000000000000e+03	-3.253713942656979441e+01
1.646000000000000000e+03	-7.760415159390070983e+01
1.647000000000000000e+03	-7.926490618169458457e+01
1.648000000000000000e+03	-5.404149373936120071e+01
1.649000000000000000e+03	-3.569217207473781173e+01
1.650000000000000000e+03	-2.378213184521683488e+01
1.651000000000000000e+03	6.591164287532895116e+01
1.653000000000000000e+03	2.092489547900860316e+02
1.654000000000000000e+03	-1.345139297767442201e+02
1.655000000000000000e+03	-2.330542337123235441e+01
1.656000000000000000e+03	2.176485162506277504e+01
1.657000000000000000e+03	-2.182202452362550815e+01
1.658000000000000000e+03	1.659542032498910658e+02
1.660000000000000000e+03	-9.679578298575007977e+01
1.661000000000000000e+03	-8.541352704719503208e+02
1.662000000000000000e+03	2.144603390288017053e+01
1.664000000000000000e+03	-3.118847446721783854e+02
1.665000000000000000e+03	-5.334518871070445556e+01
1.666000000000000000e+03	7.825224096135461771e+00
1.667000000000000000e+03	1.183007661770680983e+02
1.670000000000000000e+03	-1.317882656807062425e+01
1.673000000000000000e+03	-5.397923395217662090e+01
1.674000000000000000e+03	-2.068797497386862858e+02
1.675000000000000000e+03	-1.968335835782318668e+02
1.676000000000000000e+03	1.620016083854898170e+01
1.678000000000000000e+03	-5.506410639853365296e+01
1.683000000000000000e+03	-4.839600597936387771e+01
1.684000000000000000e+03	-2.284885214019126565e+01
1.685000000000000000e+03	-7.839597157371771985e+00
1.686000000000000000e+03	-2.376153275326142023e+01
1.687000000000000000e+03	-1.713504779980979151e+02
1.688000000000000000e+03	-1.081464980528427873e+02
1.690000000000000000e+03	-8.190657873291424096e+01
1.691000000000000000e+03	-1.758103190805436782e+02
1.692000000000000000e+03	-5.883117068349876888e+01
1.693000000000000000e+03	-1.561223812217363793e+01
1.694000000000000000e+03	-9.122019594020603250e+00
1.695000000000000000e+03	6.822860242097563344e+01
1.696000000000000000e+03	3.452345386894629087e+02
1.698000000000000000e+03	-1.775492066771460600e+02
1.699000000000000000e+03	-1.694149164297804191e+02
1.700000000000000000e+03	9.630821711292252729e+00
1.701000000000000000e+03	-8.963922731912354891e+01
1.703000000000000000e+03	1.342824682993623924e+02
1.704000000000000000e+03	-1.918547217227694901e+01
1.705000000000000000e+03	-8.382957576601971539e+01
1.707000000000000000e+03	-1.410194044075319653e+02
1.709000000000000000e+03	1.044367454022068245e+02
1.710000000000000000e+03	-5.073131447366197477e+01
1.711000000000000000e+03	-2.540967552359646930e+01
1.712000000000000000e+03	-2.240547232468718448e+02
1.714000000000000000e+03	-5.637600502874995811e+01
1.715000000000000000e+03	-5.587892076523134222e+01
1.717000000000000000e+03	8.816436415252346137e+01
1.718000000000000000e+03	-8.481082708931377567e+01
1.719000000000000000e+03	-9.327150182009924606e+01
1.721000000000000000e+03	6.808296220920388997e+00
1.722000000000000000e+03	-9.217247402917446379e+02
1.727000000000000000e+03	4.303676001482997435e+02
1.728000000000000000e+03	-3.448287111369219105e+01
1.730000000000000000e+03	1.093885583623531602e+03
1.733000000000000000e+03	-4.855548275624892796e+01
1.734000000000000000e+03	1.824359444667023311e+01
1.735000000000000000e+03	-5.316106830742840827e+01
1.736000000000000000e+03	-7.996909642328245305e+00
1.737000000000000000e+03	6.291498064713967331e+00
1.739000000000000000e+03	-6.520602106703319301e+00
1.740000000000000000e+03	-7.738632582168992258e+01
1.741000000000000000e+03	-5.403447285146506118e+01
1.742000000000000000e+03	-7.375940652796911934e+01
1.743000000000000000e+03	-5.771047748815357181e+01
1.745000000000000000e+03	-8.594147642963029909e+01
1.747000000000000000e+03	-2.568232976601584028e+02
1.748000000000000000e+03	-1.634049990294539043e+02
1.749000000000000000e+03	9.250456904773313838e+00
1.750000000000000000e+03	5.422678767116794774e+01
1.751000000000000000e+03	-5.040100793139365578e+02
1.752000000000000000e+03	-6.007523742000637412e+01
1.753000000000000000e+03	9.359134642938881754e+00
1.754000000000000000e+03	-1.071994097799271373e+02
1.755000000000000000e+03	-4.785427281516271591e+01
1.756000000000000000e+03	2.433561517756491810e+01
1.757000000000000000e+03	1.096065862873880405e+03
1.758000000000000000e+03	-4.878022125272222098e+01
1.759000000000000000e+03	-2.578972828452972976e+02
1.760000000000000000e+03	-7.494991941487292308e+01
1.761000000000000000e+03	-6.483368497958063017e+02
1.762000000000000000e+03	-8.517745639935384361e+01
1.763000000000000000e+03	2.476200234230616104e+01
1.764000000000000000e+03	-3.442590426514854585e+02
1.765000000000000000e+03	-1.583731445380360725e+01
1.766000000000000000e+03	1.142665356759173960e+02
1.767000000000000000e+03	-2.656398555529729606e+02
1.768000000000000000e+03	7.035930628317840956e+02
1.772000000000000000e+03	-4.913272624850836934e+01
1.773000000000000000e+03	-3.300064032093892052e+01
1.774000000000000000e+03	2.219199305543207572e+02
1.775000000000000000e+03	9.711730124440779832e+01
1.776000000000000000e+03	-2.170414265940542009e+02
1.779000000000000000e+03	1.838036001757315319e+01
1.780000000000000000e+03	1.317827003043979595e+00
1.782000000000000000e+03	-1.525861255555573450e+02
1.783000000000000000e+03	9.577134237614417600e+01
1.784000000000000000e+03	-1.093461831293075051e+02
1.785000000000000000e+03	-7.682444723201045100e+00
1.786000000000000000e+03	-2.201117612823842933e+02
1.787000000000000000e+03	7.183718003588966283e+00
1.788000000000000000e+03	2.837750096824042245e+01
1.789000000000000000e+03	-3.823413347456065736e+01
1.793000000000000000e+03	1.665983856236883639e+03
1.794000000000000000e+03	3.836434974070326120e+01
1.795000000000000000e+03	-4.111421842478279132e+01
1.797000000000000000e+03	-3.067128883300230768e+02
1.798000000000000000e+03	-1.424650302083427675e+02
1.800000000000000000e+03	-1.092670149796627612e+02
1.801000000000000000e+03	1.644035425561718569e+02
1.805000000000000000e+03	7.833824299758894938e+01
1.806000000000000000e+03	1.371731629210279202e+01
1.810000000000000000e+03	1.924145345547862576e+02
1.812000000000000000e+03	1.843991292840357588e+01
1.813000000000000000e+03	-6.632386083764062334e+01
1.814000000000000000e+03	-1.917134597062738237e+02
1.816000000000000000e+03	1.027926938610107044e+02
1.817000000000000000e+03	-1.054955299475210051e+00
1.818000000000000000e+03	5.274460760956971228e+01
1.822000000000000000e+03	-7.095403626377067496e+01
1.824000000000000000e+03	9.739592946903918858e+00
1.825000000000000000e+03	2.049438910025770610e+02
1.826000000000000000e+03	2.025681183311718314e+01
1.827000000000000000e+03	-1.016936672868647236e+02
1.828000000000000000e+03	3.827360965620256934e+02
1.829000000000000000e+03	-1.148569062860320429e+02
1.830000000000000000e+03	-4.635324676961408841e+01
1.831000000000000000e+03	-3.144326401753784594e+01
1.832000000000000000e+03	-6.544628637276893812e+01
1.833000000000000000e+03	-1.351041235959595177e+01
1.834000000000000000e+03	-3.218530949500495240e+02
1.835000000000000000e+03	-1.045799557210612818e+02
1.836000000000000000e+03	5.637746325041032947e+01
1.839000000000000000e+03	-1.454855253271811755e+01
1.843000000000000000e+03	1.700311085767886254e+02
1.844000000000000000e+03	-4.111358006305999169e+01
1.845000000000000000e+03	-9.187064019642017243e+00
1.846000000000000000e+03	-8.756012953744772176e+01
1.847000000000000000e+03	2.837109140769849702e+01
1.849000000000000000e+03	-4.499172792548118593e+01
1.850000000000000000e+03	-1.002212920884950904e+02
1.851000000000000000e+03	1.706429585165175311e+01
1.852000000000000000e+03	-8.795602100241957544e+00
1.853000000000000000e+03	1.059501231428854311e+02
1.854000000000000000e+03	7.190387613164568315e+00
1.855000000000000000e+03	1.165330238085360826e+01
1.857000000000000000e+03	1.980174561629731329e+02
1.859000000000000000e+03	-4.852585591424697498e+01
1.860000000000000000e+03	-4.248985420256108370e+01
1.861000000000000000e+03	-2.010953869247342141e+02
1.862000000000000000e+03	1.056201876150886392e+02
1.864000000000000000e+03	-2.447994569491778805e+02
1.867000000000000000e+03	3.631425545402678949e+02
1.869000000000000000e+03	-5.249838644925089426e+01
1.870000000000000000e+03	1.720434746738281673e+00
1.871000000000000000e+03	1.941444243453448948e+01
1.872000000000000000e+03	-9.034663306045953846e+01
1.873000000000000000e+03	4.460109366946608134e+01
1.874000000000000000e+03	7.362550907339914374e+01
1.876000000000000000e+03	9.193038568430175701e+02
1.877000000000000000e+03	1.289940629177870903e+02
1.881000000000000000e+03	-7.875385909400081346e+02
1.882000000000000000e+03	-7.909432248647601682e+01
1.884000000000000000e+03	4.518663898976778626e+01
1.886000000000000000e+03	-3.580500894336690720e+01
1.887000000000000000e+03	4.647040891665214701e+01
1.893000000000000000e+03	-2.456824967184639519e+01
1.896000000000000000e+03	-1.385435417345953510e+02
1.897000000000000000e+03	-6.028297935240640726e+01
1.898000000000000000e+03	1.679352068878327486e+02
1.899000000000000000e+03	7.910210290894643492e+01
1.902000000000000000e+03	-1.342260947757210090e+02
1.903000000000000000e+03	-1.802436529921051545e+02
1.904000000000000000e+03	-6.288240329050175603e+01
1.906000000000000000e+03	1.329011876677382453e+01
1.909000000000000000e+03	-9.900807429333578114e+01
1.910000000000000000e+03	-2.264904545440391459e+01
1.911000000000000000e+03	-3.263143429870903134e+01
1.912000000000000000e+03	-9.252964333456377233e+01
1.913000000000000000e+03	-1.762248114057707369e+02
1.915000000000000000e+03	-2.806605114802873686e+02
1.918000000000000000e+03	-3.315618423226460010e+01
1.920000000000000000e+03	-7.444379623301813353e+01
1.921000000000000000e+03	4.762227120586087636e+01
1.922000000000000000e+03	-2.496056006693657991e+02
1.923000000000000000e+03	-8.091665846011227359e+01
1.926000000000000000e+03	-4.699348549313140211e+01
1.927000000000000000e+03	1.655514164236439569e+02
1.929000000000000000e+03	1.824368794747714162e+02
1.931000000000000000e+03	-3.359828869702654686e+01
1.933000000000000000e+03	3.765795258235768728e+01
1.934000000000000000e+03	-1.421852187494604181e+01
1.936000000000000000e+03	-1.865612618525604782e+00
1.938000000000000000e+03	-8.147807405795543900e+01
1.940000000000000000e+03	9.089774513130485900e+00
1.941000000000000000e+03	-1.275477185560715441e+02
1.943000000000000000e+03	-4.632505083669271073e+01
1.945000000000000000e+03	4.540081850369566752e+01
1.947000000000000000e+03	-9.548811389567033814e+01
1.948000000000000000e+03	8.883276999949406445e+02
1.949000000000000000e+03	2.680593023088603033e+01
1.950000000000000000e+03	-2.325176660178841104e+01
1.953000000000000000e+03	1.925917595567865703e+02
1.955000000000000000e+03	-1.863776140730341524e+01
1.956000000000000000e+03	3.063969708817780457e+01
1.958000000000000000e+03	-1.031023074246871602e+03
1.959000000000000000e+03	-1.153940789034407715e+02
1.960000000000000000e+03	-5.995284896901447524e+01
1.961000000000000000e+03	-3.747706005161922604e+01
1.962000000000000000e+03	-3.229295104304747355e+01
1.964000000000000000e+03	5.170498302781554401e+01
1.965000000000000000e+03	-2.267847957744271881e+01
1.966000000000000000e+03	-1.734809868342625450e+01
1.968000000000000000e+03	6.233106137201065877e+01
1.969000000000000000e+03	-9.771870297470979949e+01
1.971000000000000000e+03	1.439505330447192399e+01
1.972000000000000000e+03	1.132085873422645506e+01
1.973000000000000000e+03	-2.144056189000943959e+02
1.975000000000000000e+03	-2.836542846493392744e+02
1.976000000000000000e+03	-4.488860202418463530e+01
1.977000000000000000e+03	5.785319199145251190e+01
1.978000000000000000e+03	6.158332245247152059e+01
1.980000000000000000e+03	-5.046875317604815336e+00
1.982000000000000000e+03	-2.101615786043728065e+02
1.983000000000000000e+03	-2.219421974676512264e+02
1.984000000000000000e+03	-6.334641463503281500e+01
1.986000000000000000e+03	-1.981407689051960119e+02
1.988000000000000000e+03	-2.775802495548655315e+02
1.990000000000000000e+03	2.517548747014897970e+01
1.991000000000000000e+03	-4.691435100113636025e+01
1.992000000000000000e+03	8.522683241825671985e+01
1.993000000000000000e+03	-6.058203448219182974e+01
1.995000000000000000e+03	5.099153557537096759e+00
1.996000000000000000e+03	1.093959725299835206e+01
1.998000000000000000e+03	2.842920038256932003e+01
1.999000000000000000e+03	5.795862386126917443e+01
2.000000000000000000e+03	-1.017653752478308888e+02
2.003000000000000000e+03	-9.379197713282921711e+01
2.005000000000000000e+03	-1.054895800932102361e+02
2.006000000000000000e+03	-2.494558014428120885e+01
2.008000000000000000e+03	-6.333410320151760970e+02
2.009000000000000000e+03	-7.895393815508769819e+01
2.013000000000000000e+03	4.583696150446068032e+02
2.014000000000000000e+03	-5.582444388576668359e+01
2.015000000000000000e+03	-4.311033513906007641e+01
2.016000000000000000e+03	-4.171024584728165792e+02
2.020000000000000000e+03	-8.511454700676488017e+01
2.021000000000000000e+03	1.485307694224580466e+01
2.022000000000000000e+03	-2.085203455282065192e+02
2.023000000000000000e+03	-3.583194804717674486e+01
2.024000000000000000e+03	-2.796010305233666671e+00
2.025000000000000000e+03	2.032010637859549718e+01
2.026000000000000000e+03	-1.792649508311468765e+02
2.028000000000000000e+03	-8.617749735491069885e+01
2.029000000000000000e+03	-7.549698404083957826e+01
2.030000000000000000e+03	-2.964122214791157361e+01
2.032000000000000000e+03	-1.644450936081922237e+02
2.033000000000000000e+03	-1.238593906594920568e+01
2.034000000000000000e+03	-2.466162148756398409e+01
2.035000000000000000e+03	-2.724839752792127001e+03
2.036000000000000000e+03	1.721938222134522078e+01
2.037000000000000000e+03	-9.442965311553038532e+00
2.038000000000000000e+03	7.589095503158156930e+01
2.039000000000000000e+03	-4.177423701167253967e+02
2.040000000000000000e+03	-7.601923400240934825e+01
2.041000000000000000e+03	-3.296553501181979584e+01
2.044000000000000000e+03	2.616527227329595462e+02
2.045000000000000000e+03	8.919752111066928535e+01
2.046000000000000000e+03	-8.581038488455519087e+00
2.047000000000000000e+03	1.241752804389245881e+02
2.048000000000000000e+03	2.214267596395103794e+02
2.050000000000000000e+03	-1.786220153878786050e+02
2.055000000000000000e+03	-1.470641052516743059e+02
2.056000000000000000e+03	-1.180587256304284551e+02
2.060000000000000000e+03	-5.179445903417759922e+01
2.061000000000000000e+03	1.389085231902187161e+02
2.062000000000000000e+03	8.429791175883613263e+00
2.064000000000000000e+03	-6.606586084156845118e+01
2.066000000000000000e+03	-5.071540222903101380e+01
2.067000000000000000e+03	-6.912070285595457619e+01
2.068000000000000000e+03	7.374733889032086154e+01
2.070000000000000000e+03	-5.711466768054258836e+01
2.071000000000000000e+03	-1.592452687087878189e+02
2.072000000000000000e+03	-5.786465324226568896e+01
2.076000000000000000e+03	-3.321286690646097099e+02
2.079000000000000000e+03	-4.268936733867560918e+01
2.081000000000000000e+03	-9.163755206806090570e+00
2.082000000000000000e+03	-1.676519832592202519e+01
2.083000000000000000e+03	1.062944781712987208e+01
2.084000000000000000e+03	-2.512097475309115069e+01
2.086000000000000000e+03	-9.764242702372915517e+01
2.088000000000000000e+03	-6.442228630616557439e+02
2.089000000000000000e+03	-8.131492820125256316e+00
2.090000000000000000e+03	-2.482029168145434639e+01
2.091000000000000000e+03	-5.558448671170478406e+01
2.092000000000000000e+03	-1.829689095016538047e+01
2.093000000000000000e+03	-3.100632576554661455e+02
2.094000000000000000e+03	-8.494849714977594601e+01
2.095000000000000000e+03	-1.038303717569343831e+02
2.098000000000000000e+03	-1.472651610143948915e+02
2.103000000000000000e+03	6.754634804287993788e+00
2.104000000000000000e+03	-2.441941229706924332e+02
2.105000000000000000e+03	9.444667724850268087e+01
2.107000000000000000e+03	-3.108337292964984044e+01
2.108000000000000000e+03	-1.241482946667516387e+02
2.109000000000000000e+03	3.379145472819076303e+02
2.111000000000000000e+03	-9.467900299000065445e+01
2.113000000000000000e+03	2.273956825757024092e+02
2.114000000000000000e+03	-6.386547738736283453e-01
2.117000000000000000e+03	1.011024762509461361e+01
2.118000000000000000e+03	-5.129975101818496341e+01
2.119000000000000000e+03	-1.035339025608019341e+02
2.123000000000000000e+03	-6.426741962005931441e+01
2.125000000000000000e+03	-1.345684586799740146e+02
2.126000000000000000e+03	-8.489426280420245803e+02
2.127000000000000000e+03	-3.136824521023359225e+01
2.129000000000000000e+03	-1.310251311358284454e+01
2.130000000000000000e+03	-3.928138334866008563e+01
2.135000000000000000e+03	1.727532460239878054e+00
2.136000000000000000e+03	-1.561219373725174080e+02
2.137000000000000000e+03	-7.985712283140928491e+01
2.141000000000000000e+03	-4.251499111656448804e+01
2.143000000000000000e+03	-5.923754678043211896e+01
2.144000000000000000e+03	4.059130472458984684e+01
2.145000000000000000e+03	-3.762324993468410383e+01
2.146000000000000000e+03	-9.992907087592396920e+01
2.147000000000000000e+03	-1.612099800726851484e+01
2.149000000000000000e+03	-2.675570626310095008e+02
2.150000000000000000e+03	-4.460362026536103031e+01
2.151000000000000000e+03	-7.091701858772057676e+01
2.152000000000000000e+03	-2.579883846867053876e+02
2.153000000000000000e+03	9.618454677090286964e+01
2.155000000000000000e+03	6.139094171287609214e+01
2.156000000000000000e+03	3.120275831608871542e+01
2.159000000000000000e+03	-8.818859552990947037e+00
2.160000000000000000e+03	1.182389709610496631e+01
2.161000000000000000e+03	-1.024416686919190767e+02
2.162000000000000000e+03	1.114543298672127634e+02
2.163000000000000000e+03	-1.707149795975230333e+01
2.164000000000000000e+03	-2.194618170762963416e+02
2.166000000000000000e+03	2.693721752690659699e+01
2.168000000000000000e+03	-2.141279310551511799e+02
2.169000000000000000e+03	2.513820097203305437e+01
2.170000000000000000e+03	-1.106964339813044091e+02
2.172000000000000000e+03	-1.021502456172562887e+02
2.174000000000000000e+03	6.786833742771752220e+00
2.175000000000000000e+03	-5.586372750096547435e+01
2.176000000000000000e+03	1.334793117011470258e+02
2.177000000000000000e+03	-1.466142239092149282e+02
2.180000000000000000e+03	3.254679611427906138e+01
2.181000000000000000e+03	-2.045447973822510619e+02
2.183000000000000000e+03	7.480400465485405448e+01
2.184000000000000000e+03	-4.646184093330653297e+00
2.185000000000000000e+03	-1.051232181260741783e+01
2.186000000000000000e+03	6.013739687527485245e+01
2.187000000000000000e+03	-7.405785379101925514e+01
2.188000000000000000e+03	-8.925818941314061306e+01
2.189000000000000000e+03	2.169309955607666041e+01
2.190000000000000000e+03	3.052809900670933985e+02
2.191000000000000000e+03	-1.883238092329198423e+02
2.192000000000000000e+03	-1.277163132993361216e+02
2.193000000000000000e+03	-3.908738782688532609e+01
2.194000000000000000e+03	-5.497171442486939696e+01
2.195000000000000000e+03	-5.117297156177136230e+02
2.196000000000000000e+03	-8.162665038431102005e+01
2.197000000000000000e+03	-4.483608143425217349e+02
2.198000000000000000e+03	2.031902114398156982e+03
2.199000000000000000e+03	-9.199783524049574623e+01
2.200000000000000000e+03	4.739339069292766453e+02
2.201000000000000000e+03	-7.720692574646646733e+01
2.202000000000000000e+03	2.000618475361834783e+02
2.204000000000000000e+03	3.489367853462020719e+01
2.205000000000000000e+03	-4.868736182204249729e+01
2.206000000000000000e+03	-2.624871866943224177e+02
2.210000000000000000e+03	8.025505327837288982e-01
2.211000000000000000e+03	3.141701177178054394e+01
2.216000000000000000e+03	1.506192394077654058e+02
2.217000000000000000e+03	-1.401089564378136743e+02
2.218000000000000000e+03	-6.573423341733774805e+01
2.219000000000000000e+03	-1.801726566811393226e+01
2.221000000000000000e+03	2.241355145828239870e+02
2.223000000000000000e+03	1.175340746895929822e+00
2.224000000000000000e+03	-5.410043594418125679e+01
2.226000000000000000e+03	-1.062510652840666836e+01
2.227000000000000000e+03	-7.376148414376559970e+01
2.230000000000000000e+03	1.541414295892328141e+02
2.234000000000000000e+03	-1.718936344800286236e+02
2.235000000000000000e+03	-4.315862103668297323e+01
2.236000000000000000e+03	4.182461448344715649e+01
2.237000000000000000e+03	9.042460838494944753e+00
2.238000000000000000e+03	-3.064720876476562950e+01
2.239000000000000000e+03	-9.938660989746860253e+01
2.240000000000000000e+03	-1.351578061256268093e+01
2.242000000000000000e+03	1.696529491720319811e+02
2.246000000000000000e+03	-1.017021721719590488e+02
2.249000000000000000e+03	-4.670549733010979310e+01
2.250000000000000000e+03	-1.706689627586925440e+02
2.251000000000000000e+03	2.125742442769344223e+02
2.252000000000000000e+03	-1.203608350619913523e+02
2.257000000000000000e+03	2.804284682960052777e+01
2.258000000000000000e+03	5.031213616336648897e+01
2.259000000000000000e+03	8.742264024018588486e+01
2.260000000000000000e+03	2.560523303167393294e+01
2.261000000000000000e+03	-1.216467124006943124e+02
2.262000000000000000e+03	-3.280049940409351734e+02
2.263000000000000000e+03	-4.146948061316403482e+02
2.265000000000000000e+03	-1.594907684536762531e+02
2.266000000000000000e+03	-1.878286695430178099e+02
2.267000000000000000e+03	-4.732033423280658440e+02
2.268000000000000000e+03	-5.583976746051505557e+01
2.271000000000000000e+03	-1.046546074758696099e+00
2.272000000000000000e+03	-8.073423566212665037e+02
2.276000000000000000e+03	-3.156147136068078751e+01
2.277000000000000000e+03	-9.491103282417445541e+01
2.278000000000000000e+03	2.931598366271757627e-01
2.282000000000000000e+03	-7.332160361772692170e+01
2.283000000000000000e+03	-1.284478060348559403e+01
2.286000000000000000e+03	1.045755606825917994e+02
2.288000000000000000e+03	1.408886824538880411e+01
2.291000000000000000e+03	-5.776675890904279953e+01
2.292000000000000000e+03	-4.754664507472995894e+01
2.293000000000000000e+03	1.043368761834590117e+02
2.294000000000000000e+03	-1.245244759645369044e+02
2.296000000000000000e+03	-6.289391016743325480e+01
2.297000000000000000e+03	8.239821963849492192e+01
2.298000000000000000e+03	1.282392470851085307e+02
2.299000000000000000e+03	-1.483306037846089680e+02
2.300000000000000000e+03	-1.085770574068030641e+02
2.301000000000000000e+03	-9.932710145642775501e+01
2.302000000000000000e+03	-9.029828792628327960e+01
2.303000000000000000e+03	-8.663244262072990409e+01
2.304000000000000000e+03	-1.147283863895581248e+02
2.306000000000000000e+03	7.344235501700782152e+02
2.307000000000000000e+03	2.581660998571093728e+02
2.308000000000000000e+03	-1.206885031033795599e+02
2.309000000000000000e+03	4.284634262823303885e+01
2.310000000000000000e+03	-7.136255461193044880e+01
2.311000000000000000e+03	1.312709068012052427e+01
2.312000000000000000e+03	-2.969972824450583815e+01
2.313000000000000000e+03	-2.419066603884285982e+01
2.315000000000000000e+03	-9.112926802006870730e+01
2.316000000000000000e+03	-6.565736928934284151e+02
2.318000000000000000e+03	-5.495024403861199502e+00
2.319000000000000000e+03	2.692242943736867122e+00
2.322000000000000000e+03	2.189022880409287097e+01
2.325000000000000000e+03	1.250855466859666763e+02
2.328000000000000000e+03	3.300921686002359365e+02
2.331000000000000000e+03	1.019493759695053292e+01
2.332000000000000000e+03	1.807934379209106623e+02
2.333000000000000000e+03	-1.422615009100527459e+02
2.334000000000000000e+03	-8.289047544364952103e+01
2.336000000000000000e+03	-5.355618469242588020e+01
2.337000000000000000e+03	-8.082587947289328056e+00
2.339000000000000000e+03	4.808240724270344657e+01
2.340000000000000000e+03	-5.741124666467892723e+01
2.342000000000000000e+03	-3.739610449611649301e+02
2.343000000000000000e+03	1.550011633124291279e+02
2.344000000000000000e+03	3.134052358763640882e+02
2.347000000000000000e+03	-5.033627211135004700e+02
2.348000000000000000e+03	-1.263173029155553024e+02
2.349000000000000000e+03	-2.035276769664710912e+02
2.350000000000000000e+03	-4.522334913901273978e+01
2.351000000000000000e+03	8.275825865997319397e+01
2.352000000000000000e+03	-9.368094211562565476e+01
2.355000000000000000e+03	-2.347709632772713348e+02
2.358000000000000000e+03	-1.328647023585737763e+01
2.360000000000000000e+03	2.855130628021648675e+01
2.361000000000000000e+03	7.931313111311572683e+00
2.362000000000000000e+03	1.722075578363998360e+01
2.363000000000000000e+03	-2.472599502051870104e+02
2.365000000000000000e+03	-2.008530512959368934e+02
2.367000000000000000e+03	-1.828356116192357774e+02
2.371000000000000000e+03	8.563127268243103174e+01
2.373000000000000000e+03	-8.487155179828864959e+01
2.374000000000000000e+03	1.162417273058392375e+01
2.375000000000000000e+03	-1.393151131067540973e+02
2.378000000000000000e+03	-1.943377959381725191e+02
2.380000000000000000e+03	-1.647558004630060680e+02
2.383000000000000000e+03	-2.106372129234074748e+02
2.384000000000000000e+03	-1.540869613063489041e+01
2.385000000000000000e+03	-1.600794217330702054e+02
2.386000000000000000e+03	-5.238638393023503426e+01
2.387000000000000000e+03	8.937330411364429494e+01
2.388000000000000000e+03	-6.518847073047949436e+01
2.390000000000000000e+03	-2.350674111875605377e+01
2.393000000000000000e+03	-8.697872935114273218e+01
2.394000000000000000e+03	1.348286513036987166e+01
2.395000000000000000e+03	-4.954129349077831534e+01
2.397000000000000000e+03	-5.849118569591784222e+01
2.399000000000000000e+03	4.117374118203768774e+01
2.400000000000000000e+03	2.268121951084073373e+01
2.401000000000000000e+03	-1.633746262976985122e+02
2.403000000000000000e+03	-1.518511728168178720e+01
2.404000000000000000e+03	-4.504519904293272425e+00
2.405000000000000000e+03	-6.851348596257010115e+01
2.406000000000000000e+03	-8.071175667148376931e+01
2.407000000000000000e+03	-3.855626909696642457e+00
2.408000000000000000e+03	-1.097091410246773506e+02
2.409000000000000000e+03	-6.341098256684360734e+01
2.410000000000000000e+03	-8.695325794650896967e+01
2.411000000000000000e+03	-2.452195703794523141e+01
2.412000000000000000e+03	-1.233088734695357545e+02
2.413000000000000000e+03	-6.269553991446191965e+00
2.414000000000000000e+03	4.807108723431225528e+00
2.415000000000000000e+03	3.099828588886309788e+01
2.417000000000000000e+03	-6.480002201729364586e+00
2.418000000000000000e+03	-4.191918451599426021e+01
2.420000000000000000e+03	1.308694654612008605e+02
2.425000000000000000e+03	-2.762811951351626050e+01
2.427000000000000000e+03	-4.324518086655237425e+01
2.428000000000000000e+03	-4.402688849502021640e+01
2.430000000000000000e+03	1.042291525572405142e+01
2.431000000000000000e+03	-5.529675555751062177e+00
2.432000000000000000e+03	-3.358215501096046296e+02
2.434000000000000000e+03	-8.012582976790373124e+00
2.435000000000000000e+03	-1.001571138657753863e+02
2.436000000000000000e+03	5.306081582401894536e+00
2.437000000000000000e+03	5.726847707901124522e+02
2.438000000000000000e+03	2.277574323864734041e+01
2.439000000000000000e+03	4.255173423169669888e+01
2.440000000000000000e+03	-2.714691463739725208e+01
2.442000000000000000e+03	-3.234233853709262263e+01
2.444000000000000000e+03	-2.282672519906048763e+02
2.445000000000000000e+03	-3.959332738751646019e+01
2.446000000000000000e+03	-1.371222766514708447e+01
2.448000000000000000e+03	4.238742200105438229e+01
2.449000000000000000e+03	1.690942259810650228e+01
2.450000000000000000e+03	-3.075317419941194075e+01
2.451000000000000000e+03	1.673509951168429382e+02
2.452000000000000000e+03	-9.871882437564373447e+01
2.454000000000000000e+03	1.019622926674223464e+02
2.455000000000000000e+03	-9.059174870052380868e+01
2.456000000000000000e+03	-1.412655721331352936e+02
2.457000000000000000e+03	2.173881199136402387e+01
2.458000000000000000e+03	-9.596369644626349782e+01
2.459000000000000000e+03	-5.160222206377225973e+01
2.461000000000000000e+03	1.911315711165656808e+02
2.462000000000000000e+03	-9.367639261188817557e+01
2.463000000000000000e+03	-8.094083042547964624e+00
2.464000000000000000e+03	-5.120404389000162126e+01
2.465000000000000000e+03	-6.725315957672758316e+01
2.467000000000000000e+03	-1.115628046890692531e+02
2.468000000000000000e+03	-7.173284633488027850e+01
2.469000000000000000e+03	-3.011872246481721049e+01
2.470000000000000000e+03	-3.765082198166560801e+01
2.471000000000000000e+03	-1.787295625554050105e+02
2.472000000000000000e+03	-1.254635251982324462e+02
2.474000000000000000e+03	-1.081531184159589287e+01
2.475000000000000000e+03	-7.787082842305437680e+01
2.476000000000000000e+03	3.352271432545151697e+01
2.477000000000000000e+03	-1.526856713813406543e+02
2.478000000000000000e+03	-2.711962532743883685e+02
2.479000000000000000e+03	-1.725437130336892011e+01
2.480000000000000000e+03	-6.663186363532970802e+01
2.482000000000000000e+03	8.389087911357472649e+01
2.484000000000000000e+03	-1.869357260021707248e+02
2.487000000000000000e+03	1.346947930142353016e+02
2.488000000000000000e+03	-3.016135483219969160e+01
2.489000000000000000e+03	2.052038118353483469e+02
2.490000000000000000e+03	-1.071752515401903878e+02
2.494000000000000000e+03	-1.033436671310282939e+00
2.499000000000000000e+03	8.823650470984386374e+00
2.500000000000000000e+03	-6.798940053229617320e+01
2.501000000000000000e+03	1.950145512810097870e+01
2.502000000000000000e+03	2.754537837235744178e+02
2.503000000000000000e+03	-2.025698176432215973e+02
2.504000000000000000e+03	3.988936251659426944e+02
2.506000000000000000e+03	7.528770946253368948e+02
2.507000000000000000e+03	-1.390905446205325973e+02
2.508000000000000000e+03	-1.270210967228023407e+02
2.509000000000000000e+03	-1.791161306132264741e+01
2.510000000000000000e+03	-1.870199113651321454e+02
2.511000000000000000e+03	-1.194712720438198801e+02
2.513000000000000000e+03	7.935428733097045040e+01
2.515000000000000000e+03	-7.351497400824693784e+01
2.516000000000000000e+03	-2.718098982930175112e+02
2.517000000000000000e+03	-1.469765353190832968e+02
2.519000000000000000e+03	-1.069197308567184876e+02
2.520000000000000000e+03	8.807097738103408346e+01
2.521000000000000000e+03	4.879165020855828061e+02
2.524000000000000000e+03	-1.548616650857870880e+01
2.525000000000000000e+03	-2.949911401236542829e+01
2.527000000000000000e+03	-4.321279278424891572e+02
2.532000000000000000e+03	4.784496349897207956e+00
2.533000000000000000e+03	-9.820324798971574509e+00
2.534000000000000000e+03	-6.548546033091689367e+01
2.535000000000000000e+03	1.807132600726492910e+01
2.536000000000000000e+03	2.459941515510549692e+01
2.537000000000000000e+03	7.070196835585504402e+01
2.538000000000000000e+03	-3.296857628818174391e+01
2.545000000000000000e+03	2.561196523564165162e+00
2.546000000000000000e+03	-4.504476082287189342e+01
2.547000000000000000e+03	-4.969475622897378031e+01
2.548000000000000000e+03	-3.697466459408036030e+02
2.550000000000000000e+03	-3.252914408412907221e+01
2.551000000000000000e+03	2.894830159534527638e+02
2.552000000000000000e+03	-2.897122250745650618e+01
2.557000000000000000e+03	-3.142779627007993781e+01
2.558000000000000000e+03	-4.016910159737724229e+01
2.559000000000000000e+03	-6.668021788014993945e+01
2.561000000000000000e+03	-8.762349357901143776e+01
2.562000000000000000e+03	-2.752479968609539895e+01
2.566000000000000000e+03	-1.158209550336643900e+01
2.567000000000000000e+03	-6.309391894550273605e+01
2.570000000000000000e+03	-5.507630272660679083e+01
2.572000000000000000e+03	8.555531161271197504e+00
2.573000000000000000e+03	-1.338005454410165953e+02
2.575000000000000000e+03	-3.535656259492410669e+01
2.576000000000000000e+03	-1.658588591422654135e+00
2.577000000000000000e+03	6.901903632989214543e+01
2.578000000000000000e+03	4.582041052433597628e+01
2.579000000000000000e+03	2.926876355194515895e+02
2.580000000000000000e+03	-8.548103311562400108e+00
2.581000000000000000e+03	1.777947302611282865e+01
2.585000000000000000e+03	-1.824212505037639209e+00
2.586000000000000000e+03	-9.221730106327275678e+01
2.589000000000000000e+03	-1.426737157224001749e+02
2.591000000000000000e+03	-8.223207440792766931e+01
2.592000000000000000e+03	-2.628866278674803780e+01
2.593000000000000000e+03	-1.358147265579677843e+01
2.594000000000000000e+03	-6.449640403066294425e+01
2.595000000000000000e+03	-2.685104416680447912e+02
2.598000000000000000e+03	-3.270986279410914932e+01
2.599000000000000000e+03	9.711133274406373062e+01
2.600000000000000000e+03	-1.501309760883243882e+02
2.601000000000000000e+03	-3.242728365760612519e+01
2.602000000000000000e+03	2.733703272185616839e+01
2.603000000000000000e+03	-3.221102934814827279e+01
2.605000000000000000e+03	-1.827179484215393188e+02
2.607000000000000000e+03	-1.841861633517410837e+03
2.608000000000000000e+03	5.321152061718507298e+01
2.609000000000000000e+03	-9.307354363918304330e+01
2.610000000000000000e+03	-2.653535855291416965e+02
2.611000000000000000e+03	-7.169096569643910755e+01
2.612000000000000000e+03	-1.327681436816766158e+01
2.613000000000000000e+03	9.906038260307106214e+01
2.614000000000000000e+03	-1.769869391670544019e+02
2.615000000000000000e+03	8.283694965321602410e+01
2.616000000000000000e+03	-9.867025447842609154e+00
2.618000000000000000e+03	-3.851612728063893432e+00
2.620000000000000000e+03	6.806125605721519811e+00
2.621000000000000000e+03	-8.404827520802413687e+01
2.624000000000000000e+03	3.570874467796159024e+01
2.625000000000000000e+03	-3.725189628071296966e+02
2.626000000000000000e+03	-4.700564987948586548e+01
2.627000000000000000e+03	3.377076220424774533e+01
2.630000000000000000e+03	1.021376968931998874e+02
2.631000000000000000e+03	5.897267883963625934e+01
2.632000000000000000e+03	-4.108350274477507469e+01
2.634000000000000000e+03	-3.964283116377367833e+01
2.635000000000000000e+03	5.057311768745521618e+01
2.636000000000000000e+03	-1.571215347651512388e+02
2.637000000000000000e+03	-5.872056759788737423e+01
2.640000000000000000e+03	-2.883056323326674715e+02
2.642000000000000000e+03	-1.120144423826710209e+02
2.644000000000000000e+03	-1.576184456718662830e+02
2.645000000000000000e+03	-9.868014531984989901e+01
2.646000000000000000e+03	-6.907575655744240350e+01
2.647000000000000000e+03	1.640170738203062797e+02
2.649000000000000000e+03	-1.186779687925661442e+01
2.651000000000000000e+03	5.085759206549023048e+01
2.652000000000000000e+03	5.266819472452183293e-01
2.653000000000000000e+03	-1.580306781282056079e+02
2.654000000000000000e+03	9.940825722876914483e+01
2.655000000000000000e+03	4.108014965617711844e+00
2.657000000000000000e+03	-9.109813006049026285e+01
2.658000000000000000e+03	2.061302841621333641e+02
2.659000000000000000e+03	-1.363231055142730099e+02
2.660000000000000000e+03	-1.230320835099245471e+02
2.661000000000000000e+03	9.313302774392701622e+01
2.666000000000000000e+03	-5.647822579269930543e+01
2.674000000000000000e+03	-5.963636467268155883e+01
2.675000000000000000e+03	-1.109483958668966785e+01
2.677000000000000000e+03	-1.979834759272051770e+02
2.679000000000000000e+03	-2.811767504907807620e+02
2.680000000000000000e+03	-4.775073475269552858e+01
2.681000000000000000e+03	-1.991565163909552894e+01
2.682000000000000000e+03	-1.329120179223049831e+02
2.683000000000000000e+03	-4.111949243041601108e+02
2.684000000000000000e+03	-1.025412820401237184e+02
2.687000000000000000e+03	1.545198990346043217e+02
2.688000000000000000e+03	5.810944641764680227e+02
2.690000000000000000e+03	-3.184221117733073569e+01
2.691000000000000000e+03	-3.971243841320777079e+01
2.693000000000000000e+03	-1.821846807176906680e+02
2.694000000000000000e+03	-8.687734473452846373e+01
2.695000000000000000e+03	-1.395349219572557615e+02
2.696000000000000000e+03	-2.187593319060828989e+01
2.697000000000000000e+03	-1.276430823023708996e+02
2.698000000000000000e+03	1.275245236429313422e+01
2.699000000000000000e+03	-5.484429900794931001e+01
2.700000000000000000e+03	-7.806691485168768168e+02
2.702000000000000000e+03	-1.826071083894263936e+01
2.704000000000000000e+03	4.210202754087431387e+00
2.706000000000000000e+03	-1.721200720681543430e+02
2.707000000000000000e+03	-1.107918566538955929e+00
2.708000000000000000e+03	-1.482728741538599593e+02
2.711000000000000000e+03	6.559451079029332732e+01
2.713000000000000000e+03	-1.646295959049343196e+02
2.714000000000000000e+03	-9.833938149821170782e+01
2.715000000000000000e+03	-1.825593123774729065e+01
2.716000000000000000e+03	-4.585783821665524584e+01
2.717000000000000000e+03	-1.047713505752753775e+02
2.718000000000000000e+03	-2.511117966832590298e+02
2.719000000000000000e+03	2.504364370769166825e+01
2.720000000000000000e+03	-2.347948408821033794e+01
2.721000000000000000e+03	-4.177681977473531560e+01
2.723000000000000000e+03	-2.744716994658580944e+01
2.724000000000000000e+03	-8.430457105325916700e+01
2.725000000000000000e+03	-5.840100089864591837e+01
2.728000000000000000e+03	1.589587089054680860e+02
2.729000000000000000e+03	-3.067230782647013143e+02
2.730000000000000000e+03	-4.281829911934858046e+02
2.731000000000000000e+03	-3.384197023325838245e+02
2.733000000000000000e+03	-4.143043890742788449e+00
2.734000000000000000e+03	-2.113459690674933427e+02
2.739000000000000000e+03	3.672349850033544527e+01
2.740000000000000000e+03	6.201357149044876144e-02
2.741000000000000000e+03	-4.277178199220089283e+01
2.742000000000000000e+03	-4.288234158970377052e+02
2.746000000000000000e+03	-8.854876274974430999e+02
2.748000000000000000e+03	-3.967480065020014735e+01
2.749000000000000000e+03	-6.679404044656348560e+01
2.750000000000000000e+03	-2.670591531257080646e+02
2.751000000000000000e+03	8.216362236672635788e+01
2.752000000000000000e+03	2.591484917959587051e+02
2.753000000000000000e+03	1.512657141114922581e+02
2.756000000000000000e+03	1.821358214597534868e+02
2.757000000000000000e+03	-2.478890663783799653e+02
2.758000000000000000e+03	-2.913942824530257880e+01
2.759000000000000000e+03	-8.808496222502999728e+01
2.760000000000000000e+03	3.972334320618026027e+01
2.761000000000000000e+03	-5.776906290883113115e+01
2.763000000000000000e+03	-5.799856927376436033e+02
2.765000000000000000e+03	-1.046387015849175839e+02
2.766000000000000000e+03	-1.904324520645376992e+02
2.767000000000000000e+03	-3.219972498568471764e+01
2.769000000000000000e+03	-1.352643133846304693e+02
2.770000000000000000e+03	-1.125282113994970103e+02
2.772000000000000000e+03	-5.129757620330337176e+01
2.775000000000000000e+03	-8.594883879172526520e+01
2.776000000000000000e+03	-5.663483432088730041e+01
2.777000000000000000e+03	-1.021898283475591427e+02
2.778000000000000000e+03	-8.349007605332156245e+00
2.779000000000000000e+03	-3.804235237888238430e+01
2.780000000000000000e+03	-1.249945757917094653e+02
2.781000000000000000e+03	5.588793018031635995e+01
2.782000000000000000e+03	7.484380836805381421e+01
2.786000000000000000e+03	-1.358826117325369580e+02
2.788000000000000000e+03	-2.326034554762264150e+01
2.789000000000000000e+03	-3.323958793161826719e+01
2.790000000000000000e+03	4.592096347817306423e+01
2.791000000000000000e+03	-1.444512541170565356e+01
2.792000000000000000e+03	-6.290502392116326291e+02
2.793000000000000000e+03	2.420567699319530561e+02
2.794000000000000000e+03	-2.111848635738425344e+02
2.797000000000000000e+03	-3.220628431076951301e+02
2.799000000000000000e+03	-1.867522353925809284e+02
2.802000000000000000e+03	-2.684314383280612404e+01
2.803000000000000000e+03	1.111126889780156830e+02
2.805000000000000000e+03	-1.130092081416914240e+01
2.808000000000000000e+03	-6.164686096985768637e-01
2.809000000000000000e+03	7.065535107110576973e+01
2.811000000000000000e+03	-4.590347083439390730e+01
2.812000000000000000e+03	1.982062453943797209e+02
2.813000000000000000e+03	-7.101007780868832242e+01
2.815000000000000000e+03	2.689045378363173100e+01
2.816000000000000000e+03	-2.043473362530208348e+01
2.818000000000000000e+03	1.128955366800283429e+02
2.819000000000000000e+03	-1.496568247870417849e+02
2.820000000000000000e+03	-6.940729707877511601e+01
2.821000000000000000e+03	-2.264687475345023984e+02
2.822000000000000000e+03	-2.231694174473930161e+02
2.823000000000000000e+03	-5.041619147016421465e+01
2.824000000000000000e+03	3.852685096088630079e+00
2.825000000000000000e+03	-8.263343770786178988e-01
2.829000000000000000e+03	1.556770542270693980e+01
2.830000000000000000e+03	-4.582054170072413513e+01
2.831000000000000000e+03	-4.047174803902231588e+01
2.832000000000000000e+03	1.501036502906396777e+02
2.833000000000000000e+03	5.065225844565279090e+01
2.834000000000000000e+03	-3.856113778126699199e+00
2.835000000000000000e+03	-2.116152036116695001e+01
2.837000000000000000e+03	1.089882006847225711e+02
2.838000000000000000e+03	-1.041330672037204295e+03
2.839000000000000000e+03	-7.031615607524354061e+01
2.840000000000000000e+03	-3.539788152878795557e+01
2.842000000000000000e+03	-3.643902357793722757e+01
2.843000000000000000e+03	-8.761023004926386193e+00
2.844000000000000000e+03	-3.140059498302368013e+01
2.845000000000000000e+03	-5.874353064632656896e+01
2.847000000000000000e+03	-1.746587035409122564e+02
2.850000000000000000e+03	1.256434919610657630e+01
2.852000000000000000e+03	-1.553116970331488922e+01
2.853000000000000000e+03	2.091699760839778222e+01
2.855000000000000000e+03	-7.942998499654854072e+01
2.856000000000000000e+03	-1.667270185392353312e+02
2.857000000000000000e+03	-8.596323277721936051e+01
2.860000000000000000e+03	5.676090549349885350e+01
2.861000000000000000e+03	-1.368845393792765890e+02
2.863000000000000000e+03	1.302260293824937889e+03
2.867000000000000000e+03	-3.066780254029561661e+02
2.869000000000000000e+03	1.292761935883593694e+01
2.870000000000000000e+03	-2.674811932963655892e+01
2.871000000000000000e+03	3.108594097900969899e+01
2.872000000000000000e+03	-4.953391828561564836e+01
2.874000000000000000e+03	-4.371533254097528953e+01
2.875000000000000000e+03	-2.029362806523396614e+02
2.882000000000000000e+03	-3.526896743583391469e+01
2.883000000000000000e+03	-1.683648360952621914e+01
2.884000000000000000e+03	-1.269985849186856939e+02
2.885000000000000000e+03	1.218541041236175175e+02
2.887000000000000000e+03	-6.074349131839786864e+00
2.888000000000000000e+03	3.735646032425643881e+01
2.889000000000000000e+03	-2.482722188424974163e+01
2.892000000000000000e+03	-1.620516843753428873e+02
2.893000000000000000e+03	-4.337096854874897645e+02
2.897000000000000000e+03	-2.403308290134103942e+01
2.898000000000000000e+03	-7.594991530862270679e+01
2.899000000000000000e+03	4.707815605270857873e+01
2.901000000000000000e+03	-5.357917984511483667e+01
2.902000000000000000e+03	-5.649087131377888227e+01
2.904000000000000000e+03	-8.606684731570364733e+00
2.907000000000000000e+03	1.373448759542075592e+01
2.908000000000000000e+03	-5.469808885734615700e+01
2.909000000000000000e+03	5.280009839391289006e+02
2.910000000000000000e+03	1.596412263673222398e+01
2.912000000000000000e+03	3.094489184153131589e+01
2.917000000000000000e+03	-3.054034932354019816e+01
2.919000000000000000e+03	-4.059019905065810008e+01
2.920000000000000000e+03	-2.030791186155121331e+00
2.922000000000000000e+03	-3.703112583330030105e+01
2.923000000000000000e+03	6.699631398496663337e+01
2.924000000000000000e+03	-1.023721620659747522e+01
2.926000000000000000e+03	-1.037916781194646347e+02
2.930000000000000000e+03	-9.125211490794372082e+01
2.932000000000000000e+03	-6.722638193656486294e+01
2.936000000000000000e+03	-5.197007011412090094e+00
2.937000000000000000e+03	-5.460343603725584671e+01
2.938000000000000000e+03	-1.835636966584888441e+01
2.939000000000000000e+03	-4.621515825786455167e+01
2.941000000000000000e+03	-1.081796228259898953e+02
2.942000000000000000e+03	-7.452910936098982120e+01
2.943000000000000000e+03	-3.315457200038670180e+02
2.945000000000000000e+03	1.375675794713542643e+02
2.946000000000000000e+03	8.024785130383720855e+01
2.947000000000000000e+03	-1.993893718190245323e+01
2.948000000000000000e+03	-1.372959225373870851e+01
2.949000000000000000e+03	-1.158400624412740285e+02
2.950000000000000000e+03	-1.458540800827708210e+02
2.951000000000000000e+03	1.067926897965965338e+02
2.952000000000000000e+03	7.553115278802600585e+01
2.953000000000000000e+03	1.122735540518010851e+02
2.955000000000000000e+03	-3.175151363631772128e+01
2.957000000000000000e+03	-7.403974834446853492e+01
2.958000000000000000e+03	-4.826151384533495303e+01
2.960000000000000000e+03	-1.536852441289907922e+01
2.961000000000000000e+03	-7.568950585477293203e+01
2.964000000000000000e+03	2.586536797968977197e+01
2.965000000000000000e+03	-7.148078160053150043e+01
2.967000000000000000e+03	-3.211558432066478872e+02
2.968000000000000000e+03	2.162789868000450255e+00
2.970000000000000000e+03	-6.533524073224069184e+01
2.972000000000000000e+03	-1.340365326023000705e+02
2.973000000000000000e+03	-7.157942544723096034e+01
2.974000000000000000e+03	-1.127434747774931907e+02
2.977000000000000000e+03	3.061156414720482388e+01
2.978000000000000000e+03	2.618124361279895496e+01
2.980000000000000000e+03	-1.148420199530912384e+02
2.981000000000000000e+03	-2.120789204900836751e+02
2.982000000000000000e+03	1.433081588960592114e+02
2.983000000000000000e+03	6.550562832479172926e+00
2.984000000000000000e+03	-7.521867619117237780e+01
2.985000000000000000e+03	-1.846419493082754215e+01
2.986000000000000000e+03	-2.044820846550980065e+01
2.987000000000000000e+03	-2.033726535381124165e+02
2.989000000000000000e+03	7.751090518999700585e+00
2.991000000000000000e+03	-1.720469253867759463e+01
2.992000000000000000e+03	-1.514908991240378668e+02
2.993000000000000000e+03	-2.797185534167054755e+01
2.995000000000000000e+03	-2.152430248504609835e+02
2.996000000000000000e+03	-1.429867074146211969e+01
2.997000000000000000e+03	-1.693029200192720225e+02
2.998000000000000000e+03	-9.445383982537325096e+01
